Hostname,IP,First Seen,Last Seen
AT.lazerpenguin.com,185.244.212.166,2024-11-17 16:26:23,2024-11-17 16:26:23
AT.lazerpenguin.com,185.244.212.211,2024-11-17 16:26:23,2024-11-17 16:26:23
AT.lazerpenguin.com,86.107.21.88,2024-11-17 16:26:23,2024-11-17 16:26:23
AT.lazerpenguin.com,130.195.222.19,2024-11-17 16:26:23,2024-11-17 16:26:23
AT.lazerpenguin.com,185.244.212.221,2024-11-17 16:26:23,2024-11-17 16:26:23
AT.lazerpenguin.com,130.195.222.8,2024-11-17 16:26:23,2024-11-17 16:26:23
AT.lazerpenguin.com,130.195.222.41,2024-11-17 16:26:23,2024-11-17 16:26:23
AT.lazerpenguin.com,130.195.222.40,2024-11-17 16:26:23,2024-11-17 16:26:23
AT.lazerpenguin.com,130.195.222.6,2024-11-17 16:26:23,2024-11-17 16:26:23
AT.lazerpenguin.com,130.195.222.38,2024-11-17 16:26:23,2024-11-17 16:26:23
AT.lazerpenguin.com,130.195.222.23,2024-11-17 16:26:23,2024-11-17 16:26:23
AT.lazerpenguin.com,185.244.212.220,2024-11-17 16:26:23,2024-11-17 16:26:23
AT.lazerpenguin.com,130.195.222.9,2024-11-17 16:26:23,2024-11-17 16:26:23
AT.lazerpenguin.com,130.195.222.5,2024-11-17 16:26:23,2024-11-17 16:26:23
AT.lazerpenguin.com,130.195.222.3,2024-11-17 16:26:23,2024-11-17 16:26:23
AT.lazerpenguin.com,130.195.222.37,2024-11-17 16:26:23,2024-11-17 16:26:23
AT.lazerpenguin.com,185.244.212.216,2024-11-17 16:26:23,2024-11-17 16:26:23
AT.lazerpenguin.com,185.244.212.163,2024-11-17 16:26:23,2024-11-17 16:26:23
AT.lazerpenguin.com,130.195.222.4,2024-11-17 16:26:23,2024-11-17 16:26:23
AT.lazerpenguin.com,185.244.212.164,2024-11-17 16:26:23,2024-11-17 16:26:23
BE.lazerpenguin.com,146.70.176.149,2024-11-17 16:26:23,2024-11-17 16:26:23
BE.lazerpenguin.com,194.187.251.198,2024-11-17 16:26:23,2024-11-17 16:26:23
BE.lazerpenguin.com,37.120.236.214,2024-11-17 16:26:23,2024-11-17 16:26:23
BE.lazerpenguin.com,37.120.236.232,2024-11-17 16:26:23,2024-11-17 16:26:23
BE.lazerpenguin.com,37.120.236.227,2024-11-17 16:26:23,2024-11-17 16:26:23
BE.lazerpenguin.com,194.187.251.232,2024-11-17 16:26:23,2024-11-17 16:26:23
BE.lazerpenguin.com,194.187.251.229,2024-11-17 16:26:23,2024-11-17 16:26:23
BE.lazerpenguin.com,146.70.176.135,2024-11-17 16:26:23,2024-11-17 16:26:23
BE.lazerpenguin.com,146.70.176.154,2024-11-17 16:26:23,2024-11-17 16:26:23
BE.lazerpenguin.com,194.187.251.214,2024-11-17 16:26:23,2024-11-17 16:26:23
BE.lazerpenguin.com,194.187.251.197,2024-11-17 16:26:23,2024-11-17 16:26:23
BE.lazerpenguin.com,194.187.251.244,2024-11-17 16:26:23,2024-11-17 16:26:23
BE.lazerpenguin.com,194.187.251.243,2024-11-17 16:26:23,2024-11-17 16:26:23
BE.lazerpenguin.com,194.187.251.247,2024-11-17 16:26:23,2024-11-17 16:26:23
BE.lazerpenguin.com,37.120.236.215,2024-11-17 16:26:23,2024-11-17 16:26:23
BE.lazerpenguin.com,146.70.176.137,2024-11-17 16:26:23,2024-11-17 16:26:23
BE.lazerpenguin.com,194.187.251.233,2024-11-17 16:26:23,2024-11-17 16:26:23
BE.lazerpenguin.com,37.120.236.233,2024-11-17 16:26:23,2024-11-17 16:26:23
BE.lazerpenguin.com,194.187.251.213,2024-11-17 16:26:23,2024-11-17 16:26:23
BE.lazerpenguin.com,194.187.251.248,2024-11-17 16:26:23,2024-11-17 16:26:23
BG.lazerpenguin.com,217.138.221.214,2024-11-17 16:26:23,2024-11-17 16:26:23
BG.lazerpenguin.com,82.102.23.120,2024-11-17 16:26:23,2024-11-17 16:26:23
BG.lazerpenguin.com,217.138.221.216,2024-11-17 16:26:23,2024-11-17 16:26:23
BG.lazerpenguin.com,82.102.23.102,2024-11-17 16:26:23,2024-11-17 16:26:23
BG.lazerpenguin.com,82.102.23.117,2024-11-17 16:26:23,2024-11-17 16:26:23
BG.lazerpenguin.com,217.138.221.215,2024-11-17 16:26:23,2024-11-17 16:26:23
BG.lazerpenguin.com,82.102.23.100,2024-11-17 16:26:23,2024-11-17 16:26:23
BG.lazerpenguin.com,82.102.23.115,2024-11-17 16:26:23,2024-11-17 16:26:23
BG.lazerpenguin.com,217.138.221.213,2024-11-17 16:26:23,2024-11-17 16:26:23
BG.lazerpenguin.com,82.102.23.121,2024-11-17 16:26:23,2024-11-17 16:26:23
BG.lazerpenguin.com,82.102.23.99,2024-11-17 16:26:23,2024-11-17 16:26:23
BG.lazerpenguin.com,82.102.23.101,2024-11-17 16:26:23,2024-11-17 16:26:23
BG.lazerpenguin.com,217.138.221.212,2024-11-17 16:26:23,2024-11-17 16:26:23
BG.lazerpenguin.com,217.138.221.217,2024-11-17 16:26:23,2024-11-17 16:26:23
BG.lazerpenguin.com,82.102.23.105,2024-11-17 16:26:23,2024-11-17 16:26:23
BG.lazerpenguin.com,217.138.221.211,2024-11-17 16:26:23,2024-11-17 16:26:23
BG.lazerpenguin.com,82.102.23.103,2024-11-17 16:26:23,2024-11-17 16:26:23
BG.lazerpenguin.com,82.102.23.104,2024-11-17 16:26:23,2024-11-17 16:26:23
BG.lazerpenguin.com,82.102.23.118,2024-11-17 16:26:23,2024-11-17 16:26:23
CY.lazerpenguin.com,185.191.206.87,2024-11-17 16:26:23,2024-11-17 16:26:23
CY.lazerpenguin.com,185.191.206.69,2024-11-17 16:26:23,2024-11-17 16:26:23
CY.lazerpenguin.com,185.191.206.88,2024-11-17 16:26:23,2024-11-17 16:26:23
CY.lazerpenguin.com,185.191.206.67,2024-11-17 16:26:23,2024-11-17 16:26:23
CY.lazerpenguin.com,185.191.206.90,2024-11-17 16:26:23,2024-11-17 16:26:23
CY.lazerpenguin.com,185.191.206.71,2024-11-17 16:26:23,2024-11-17 16:26:23
CY.lazerpenguin.com,185.191.206.86,2024-11-17 16:26:23,2024-11-17 16:26:23
CY.lazerpenguin.com,185.191.206.76,2024-11-17 16:26:23,2024-11-17 16:26:23
CY.lazerpenguin.com,185.191.206.78,2024-11-17 16:26:23,2024-11-17 16:26:23
CY.lazerpenguin.com,185.191.206.89,2024-11-17 16:26:23,2024-11-17 16:26:23
CY.lazerpenguin.com,185.191.206.68,2024-11-17 16:26:23,2024-11-17 16:26:23
CY.lazerpenguin.com,185.191.206.91,2024-11-17 16:26:23,2024-11-17 16:26:23
CY.lazerpenguin.com,185.191.206.70,2024-11-17 16:26:23,2024-11-17 16:26:23
CY.lazerpenguin.com,185.191.206.79,2024-11-17 16:26:23,2024-11-17 16:26:23
CY.lazerpenguin.com,185.191.206.72,2024-11-17 16:26:23,2024-11-17 16:26:23
CY.lazerpenguin.com,185.191.206.85,2024-11-17 16:26:23,2024-11-17 16:26:23
CY.lazerpenguin.com,185.191.206.82,2024-11-17 16:26:23,2024-11-17 16:26:23
CY.lazerpenguin.com,185.191.206.73,2024-11-17 16:26:23,2024-11-17 16:26:23
CY.lazerpenguin.com,185.191.206.77,2024-11-17 16:26:23,2024-11-17 16:26:23
CY.lazerpenguin.com,185.191.206.81,2024-11-17 16:26:23,2024-11-17 16:26:23
CZ.lazerpenguin.com,45.84.122.21,2024-11-17 16:26:23,2024-11-17 16:26:23
CZ.lazerpenguin.com,45.84.122.9,2024-11-17 16:26:23,2024-11-17 16:26:23
CZ.lazerpenguin.com,45.84.122.39,2024-11-17 16:26:23,2024-11-17 16:26:23
CZ.lazerpenguin.com,45.84.122.35,2024-11-17 16:26:23,2024-11-17 16:26:23
CZ.lazerpenguin.com,45.84.122.26,2024-11-17 16:26:23,2024-11-17 16:26:23
CZ.lazerpenguin.com,45.84.122.38,2024-11-17 16:26:23,2024-11-17 16:26:23
CZ.lazerpenguin.com,45.84.122.8,2024-11-17 16:26:23,2024-11-17 16:26:23
CZ.lazerpenguin.com,45.84.122.6,2024-11-17 16:26:23,2024-11-17 16:26:23
CZ.lazerpenguin.com,45.84.122.4,2024-11-17 16:26:23,2024-11-17 16:26:23
CZ.lazerpenguin.com,45.84.122.30,2024-11-17 16:26:23,2024-11-17 16:26:23
CZ.lazerpenguin.com,45.84.122.28,2024-11-17 16:26:23,2024-11-17 16:26:23
CZ.lazerpenguin.com,45.84.122.41,2024-11-17 16:26:23,2024-11-17 16:26:23
CZ.lazerpenguin.com,45.84.122.37,2024-11-17 16:26:23,2024-11-17 16:26:23
CZ.lazerpenguin.com,45.84.122.25,2024-11-17 16:26:23,2024-11-17 16:26:23
CZ.lazerpenguin.com,45.84.122.7,2024-11-17 16:26:23,2024-11-17 16:26:23
CZ.lazerpenguin.com,45.84.122.29,2024-11-17 16:26:23,2024-11-17 16:26:23
CZ.lazerpenguin.com,45.84.122.5,2024-11-17 16:26:23,2024-11-17 16:26:23
DK.lazerpenguin.com,185.245.84.7,2024-11-17 16:26:23,2024-11-17 16:26:23
DK.lazerpenguin.com,185.212.169.117,2024-11-17 16:26:23,2024-11-17 16:26:23
DK.lazerpenguin.com,185.245.84.9,2024-11-17 16:26:23,2024-11-17 16:26:23
DK.lazerpenguin.com,185.245.84.6,2024-11-17 16:26:23,2024-11-17 16:26:23
DK.lazerpenguin.com,193.29.107.39,2024-11-17 16:26:23,2024-11-17 16:26:23
DK.lazerpenguin.com,193.29.107.135,2024-11-17 16:26:23,2024-11-17 16:26:23
DK.lazerpenguin.com,185.212.169.120,2024-11-17 16:26:23,2024-11-17 16:26:23
DK.lazerpenguin.com,193.29.107.133,2024-11-17 16:26:23,2024-11-17 16:26:23
DK.lazerpenguin.com,146.70.89.122,2024-11-17 16:26:23,2024-11-17 16:26:23
DK.lazerpenguin.com,193.29.107.136,2024-11-17 16:26:23,2024-11-17 16:26:23
DK.lazerpenguin.com,193.29.107.148,2024-11-17 16:26:23,2024-11-17 16:26:23
DK.lazerpenguin.com,146.70.89.153,2024-11-17 16:26:23,2024-11-17 16:26:23
DK.lazerpenguin.com,146.70.89.117,2024-11-17 16:26:23,2024-11-17 16:26:23
DK.lazerpenguin.com,193.29.107.41,2024-11-17 16:26:23,2024-11-17 16:26:23
DK.lazerpenguin.com,146.70.89.119,2024-11-17 16:26:23,2024-11-17 16:26:23
DK.lazerpenguin.com,193.29.107.137,2024-11-17 16:26:23,2024-11-17 16:26:23
DK.lazerpenguin.com,146.70.89.152,2024-11-17 16:26:23,2024-11-17 16:26:23
DK.lazerpenguin.com,185.245.84.8,2024-11-17 16:26:23,2024-11-17 16:26:23
DK.lazerpenguin.com,193.29.107.147,2024-11-17 16:26:23,2024-11-17 16:26:23
DK.lazerpenguin.com,146.70.89.116,2024-11-17 16:26:23,2024-11-17 16:26:23
FI.lazerpenguin.com,185.103.110.251,2024-11-17 16:26:23,2024-11-17 16:26:23
FI.lazerpenguin.com,185.77.218.218,2024-11-17 16:26:23,2024-11-17 16:26:23
FI.lazerpenguin.com,185.77.218.221,2024-11-17 16:26:23,2024-11-17 16:26:23
FI.lazerpenguin.com,185.77.218.219,2024-11-17 16:26:23,2024-11-17 16:26:23
FI.lazerpenguin.com,185.77.217.128,2024-11-17 16:26:23,2024-11-17 16:26:23
FI.lazerpenguin.com,185.112.82.145,2024-11-17 16:26:23,2024-11-17 16:26:23
FI.lazerpenguin.com,185.77.217.129,2024-11-17 16:26:23,2024-11-17 16:26:23
FI.lazerpenguin.com,185.77.217.179,2024-11-17 16:26:23,2024-11-17 16:26:23
FI.lazerpenguin.com,185.77.217.174,2024-11-17 16:26:23,2024-11-17 16:26:23
FI.lazerpenguin.com,185.77.217.124,2024-11-17 16:26:23,2024-11-17 16:26:23
FI.lazerpenguin.com,185.103.110.250,2024-11-17 16:26:23,2024-11-17 16:26:23
FI.lazerpenguin.com,185.112.82.146,2024-11-17 16:26:23,2024-11-17 16:26:23
FI.lazerpenguin.com,185.77.218.223,2024-11-17 16:26:23,2024-11-17 16:26:23
FI.lazerpenguin.com,185.77.217.175,2024-11-17 16:26:23,2024-11-17 16:26:23
FI.lazerpenguin.com,185.103.110.248,2024-11-17 16:26:23,2024-11-17 16:26:23
FI.lazerpenguin.com,185.112.82.142,2024-11-17 16:26:23,2024-11-17 16:26:23
FI.lazerpenguin.com,185.77.217.123,2024-11-17 16:26:23,2024-11-17 16:26:23
FI.lazerpenguin.com,185.77.218.217,2024-11-17 16:26:23,2024-11-17 16:26:23
FI.lazerpenguin.com,185.77.218.220,2024-11-17 16:26:23,2024-11-17 16:26:23
FI.lazerpenguin.com,185.112.82.143,2024-11-17 16:26:23,2024-11-17 16:26:23
FR.lazerpenguin.com,199.247.13.226,2024-11-17 16:26:23,2024-11-17 16:26:23
FR.lazerpenguin.com,217.69.4.79,2024-11-17 16:26:23,2024-11-17 16:26:23
FR.lazerpenguin.com,217.69.12.165,2024-11-17 16:26:23,2024-11-17 16:26:23
FR.lazerpenguin.com,173.199.71.46,2024-11-17 16:26:23,2024-11-17 16:26:23
FR.lazerpenguin.com,45.32.145.41,2024-11-17 16:26:23,2024-11-17 16:26:23
FR.lazerpenguin.com,64.31.4.52,2024-11-17 16:26:23,2024-11-17 16:26:23
FR.lazerpenguin.com,45.32.151.41,2024-11-17 16:26:23,2024-11-17 16:26:23
FR.lazerpenguin.com,45.77.60.157,2024-11-17 16:26:23,2024-11-17 16:26:23
FR.lazerpenguin.com,108.61.177.164,2024-11-17 16:26:23,2024-11-17 16:26:23
FR.lazerpenguin.com,64.31.4.54,2024-11-17 16:26:23,2024-11-17 16:26:23
FR.lazerpenguin.com,104.238.189.167,2024-11-17 16:26:23,2024-11-17 16:26:23
FR.lazerpenguin.com,95.179.212.12,2024-11-17 16:26:23,2024-11-17 16:26:23
FR.lazerpenguin.com,45.76.44.72,2024-11-17 16:26:23,2024-11-17 16:26:23
FR.lazerpenguin.com,95.179.215.200,2024-11-17 16:26:23,2024-11-17 16:26:23
FR.lazerpenguin.com,108.61.177.211,2024-11-17 16:26:23,2024-11-17 16:26:23
FR.lazerpenguin.com,104.238.189.6,2024-11-17 16:26:23,2024-11-17 16:26:23
FR.lazerpenguin.com,64.31.4.90,2024-11-17 16:26:23,2024-11-17 16:26:23
FR.lazerpenguin.com,45.32.147.11,2024-11-17 16:26:23,2024-11-17 16:26:23
FR.lazerpenguin.com,217.69.14.10,2024-11-17 16:26:23,2024-11-17 16:26:23
FR.lazerpenguin.com,136.244.112.73,2024-11-17 16:26:23,2024-11-17 16:26:23
DE.lazerpenguin.com,209.38.195.15,2024-11-17 16:26:23,2024-11-17 16:26:23
DE.lazerpenguin.com,46.101.220.91,2024-11-17 16:26:23,2024-11-17 16:26:23
DE.lazerpenguin.com,46.101.172.211,2024-11-17 16:26:23,2024-11-17 16:26:23
DE.lazerpenguin.com,68.183.219.51,2024-11-17 16:26:23,2024-11-17 16:26:23
DE.lazerpenguin.com,138.68.102.243,2024-11-17 16:26:23,2024-11-17 16:26:23
DE.lazerpenguin.com,64.226.73.66,2024-11-17 16:26:23,2024-11-17 16:26:23
DE.lazerpenguin.com,165.22.29.183,2024-11-17 16:26:23,2024-11-17 16:26:23
DE.lazerpenguin.com,164.90.171.187,2024-11-17 16:26:23,2024-11-17 16:26:23
DE.lazerpenguin.com,104.248.244.42,2024-11-17 16:26:23,2024-11-17 16:26:23
DE.lazerpenguin.com,104.248.39.95,2024-11-17 16:26:23,2024-11-17 16:26:23
DE.lazerpenguin.com,134.122.64.66,2024-11-17 16:26:23,2024-11-17 16:26:23
DE.lazerpenguin.com,165.227.138.104,2024-11-17 16:26:23,2024-11-17 16:26:23
DE.lazerpenguin.com,164.92.190.46,2024-11-17 16:26:23,2024-11-17 16:26:23
DE.lazerpenguin.com,164.92.141.93,2024-11-17 16:26:23,2024-11-17 16:26:23
DE.lazerpenguin.com,207.154.193.107,2024-11-17 16:26:23,2024-11-17 16:26:23
DE.lazerpenguin.com,104.248.24.224,2024-11-17 16:26:23,2024-11-17 16:26:23
DE.lazerpenguin.com,138.197.182.237,2024-11-17 16:26:23,2024-11-17 16:26:23
DE.lazerpenguin.com,164.92.143.0,2024-11-17 16:26:23,2024-11-17 16:26:23
DE.lazerpenguin.com,64.226.114.142,2024-11-17 16:26:23,2024-11-17 16:26:23
DE.lazerpenguin.com,64.226.86.49,2024-11-17 16:26:23,2024-11-17 16:26:23
GR.lazerpenguin.com,195.146.6.123,2024-11-17 16:26:23,2024-11-17 16:26:23
GR.lazerpenguin.com,195.146.6.122,2024-11-17 16:26:23,2024-11-17 16:26:23
GR.lazerpenguin.com,195.146.6.127,2024-11-17 16:26:23,2024-11-17 16:26:23
GR.lazerpenguin.com,195.146.6.117,2024-11-17 16:26:23,2024-11-17 16:26:23
GR.lazerpenguin.com,195.146.6.119,2024-11-17 16:26:23,2024-11-17 16:26:23
GR.lazerpenguin.com,195.146.6.109,2024-11-17 16:26:23,2024-11-17 16:26:23
GR.lazerpenguin.com,195.146.6.111,2024-11-17 16:26:23,2024-11-17 16:26:23
GR.lazerpenguin.com,195.146.6.124,2024-11-17 16:26:23,2024-11-17 16:26:23
GR.lazerpenguin.com,195.146.6.114,2024-11-17 16:26:23,2024-11-17 16:26:23
GR.lazerpenguin.com,195.146.6.129,2024-11-17 16:26:23,2024-11-17 16:26:23
GR.lazerpenguin.com,195.146.6.120,2024-11-17 16:26:23,2024-11-17 16:26:23
GR.lazerpenguin.com,195.146.6.121,2024-11-17 16:26:23,2024-11-17 16:26:23
GR.lazerpenguin.com,195.146.6.133,2024-11-17 16:26:23,2024-11-17 16:26:23
GR.lazerpenguin.com,195.146.6.128,2024-11-17 16:26:23,2024-11-17 16:26:23
GR.lazerpenguin.com,195.146.6.108,2024-11-17 16:26:23,2024-11-17 16:26:23
GR.lazerpenguin.com,195.146.6.113,2024-11-17 16:26:23,2024-11-17 16:26:23
GR.lazerpenguin.com,195.146.6.115,2024-11-17 16:26:23,2024-11-17 16:26:23
GR.lazerpenguin.com,195.146.6.112,2024-11-17 16:26:23,2024-11-17 16:26:23
GR.lazerpenguin.com,195.146.6.132,2024-11-17 16:26:23,2024-11-17 16:26:23
GR.lazerpenguin.com,195.146.6.110,2024-11-17 16:26:23,2024-11-17 16:26:23
HU.lazerpenguin.com,185.252.223.22,2024-11-17 16:26:23,2024-11-17 16:26:23
HU.lazerpenguin.com,185.252.223.24,2024-11-17 16:26:23,2024-11-17 16:26:23
HU.lazerpenguin.com,185.252.223.6,2024-11-17 16:26:23,2024-11-17 16:26:23
HU.lazerpenguin.com,185.252.223.4,2024-11-17 16:26:23,2024-11-17 16:26:23
HU.lazerpenguin.com,185.252.223.8,2024-11-17 16:26:23,2024-11-17 16:26:23
HU.lazerpenguin.com,185.252.223.25,2024-11-17 16:26:23,2024-11-17 16:26:23
HU.lazerpenguin.com,185.252.223.3,2024-11-17 16:26:23,2024-11-17 16:26:23
HU.lazerpenguin.com,185.252.223.41,2024-11-17 16:26:23,2024-11-17 16:26:23
HU.lazerpenguin.com,185.252.223.40,2024-11-17 16:26:23,2024-11-17 16:26:23
HU.lazerpenguin.com,185.252.223.23,2024-11-17 16:26:23,2024-11-17 16:26:23
HU.lazerpenguin.com,185.252.223.37,2024-11-17 16:26:23,2024-11-17 16:26:23
HU.lazerpenguin.com,185.252.223.38,2024-11-17 16:26:23,2024-11-17 16:26:23
HU.lazerpenguin.com,185.252.223.21,2024-11-17 16:26:23,2024-11-17 16:26:23
HU.lazerpenguin.com,185.252.223.39,2024-11-17 16:26:23,2024-11-17 16:26:23
HU.lazerpenguin.com,185.252.223.19,2024-11-17 16:26:23,2024-11-17 16:26:23
HU.lazerpenguin.com,185.252.223.9,2024-11-17 16:26:23,2024-11-17 16:26:23
HU.lazerpenguin.com,185.252.223.7,2024-11-17 16:26:23,2024-11-17 16:26:23
HU.lazerpenguin.com,185.252.223.36,2024-11-17 16:26:23,2024-11-17 16:26:23
HU.lazerpenguin.com,185.252.223.35,2024-11-17 16:26:23,2024-11-17 16:26:23
IE.lazerpenguin.com,146.70.227.88,2024-11-17 16:26:23,2024-11-17 16:26:23
IE.lazerpenguin.com,185.252.222.8,2024-11-17 16:26:23,2024-11-17 16:26:23
IE.lazerpenguin.com,185.252.222.36,2024-11-17 16:26:23,2024-11-17 16:26:23
IE.lazerpenguin.com,185.252.222.39,2024-11-17 16:26:23,2024-11-17 16:26:23
IE.lazerpenguin.com,146.70.227.24,2024-11-17 16:26:23,2024-11-17 16:26:23
IE.lazerpenguin.com,146.70.227.35,2024-11-17 16:26:23,2024-11-17 16:26:23
IE.lazerpenguin.com,146.70.227.85,2024-11-17 16:26:23,2024-11-17 16:26:23
IE.lazerpenguin.com,146.70.227.84,2024-11-17 16:26:23,2024-11-17 16:26:23
IE.lazerpenguin.com,146.70.227.3,2024-11-17 16:26:23,2024-11-17 16:26:23
IE.lazerpenguin.com,146.70.227.36,2024-11-17 16:26:23,2024-11-17 16:26:23
IE.lazerpenguin.com,146.70.227.37,2024-11-17 16:26:23,2024-11-17 16:26:23
IE.lazerpenguin.com,146.70.227.22,2024-11-17 16:26:23,2024-11-17 16:26:23
IE.lazerpenguin.com,185.252.222.40,2024-11-17 16:26:23,2024-11-17 16:26:23
IE.lazerpenguin.com,146.70.227.8,2024-11-17 16:26:23,2024-11-17 16:26:23
IE.lazerpenguin.com,185.252.222.24,2024-11-17 16:26:23,2024-11-17 16:26:23
IE.lazerpenguin.com,146.70.227.53,2024-11-17 16:26:23,2024-11-17 16:26:23
IE.lazerpenguin.com,146.70.227.73,2024-11-17 16:26:23,2024-11-17 16:26:23
IE.lazerpenguin.com,146.70.227.57,2024-11-17 16:26:23,2024-11-17 16:26:23
IE.lazerpenguin.com,185.252.222.20,2024-11-17 16:26:23,2024-11-17 16:26:23
IE.lazerpenguin.com,146.70.227.68,2024-11-17 16:26:23,2024-11-17 16:26:23
IT.lazerpenguin.com,158.58.172.62,2024-11-17 16:26:23,2024-11-17 16:26:23
IT.lazerpenguin.com,45.9.251.85,2024-11-17 16:26:23,2024-11-17 16:26:23
IT.lazerpenguin.com,45.9.251.115,2024-11-17 16:26:23,2024-11-17 16:26:23
IT.lazerpenguin.com,45.9.251.215,2024-11-17 16:26:23,2024-11-17 16:26:23
IT.lazerpenguin.com,98.98.148.148,2024-11-17 16:26:23,2024-11-17 16:26:23
IT.lazerpenguin.com,158.58.172.58,2024-11-17 16:26:23,2024-11-17 16:26:23
IT.lazerpenguin.com,158.58.172.90,2024-11-17 16:26:23,2024-11-17 16:26:23
IT.lazerpenguin.com,98.98.148.151,2024-11-17 16:26:23,2024-11-17 16:26:23
IT.lazerpenguin.com,45.9.251.201,2024-11-17 16:26:23,2024-11-17 16:26:23
IT.lazerpenguin.com,158.58.172.20,2024-11-17 16:26:23,2024-11-17 16:26:23
IT.lazerpenguin.com,158.58.172.53,2024-11-17 16:26:23,2024-11-17 16:26:23
IT.lazerpenguin.com,45.9.251.89,2024-11-17 16:26:23,2024-11-17 16:26:23
IT.lazerpenguin.com,45.9.251.86,2024-11-17 16:26:23,2024-11-17 16:26:23
IT.lazerpenguin.com,45.9.251.195,2024-11-17 16:26:23,2024-11-17 16:26:23
IT.lazerpenguin.com,45.9.251.87,2024-11-17 16:26:23,2024-11-17 16:26:23
IT.lazerpenguin.com,158.58.172.36,2024-11-17 16:26:23,2024-11-17 16:26:23
IT.lazerpenguin.com,45.9.251.196,2024-11-17 16:26:23,2024-11-17 16:26:23
IT.lazerpenguin.com,158.58.172.95,2024-11-17 16:26:23,2024-11-17 16:26:23
IT.lazerpenguin.com,158.58.172.60,2024-11-17 16:26:23,2024-11-17 16:26:23
IT.lazerpenguin.com,158.58.172.18,2024-11-17 16:26:23,2024-11-17 16:26:23
LV.lazerpenguin.com,185.135.84.37,2024-11-17 16:26:23,2024-11-17 16:26:23
LV.lazerpenguin.com,185.135.84.35,2024-11-17 16:26:23,2024-11-17 16:26:23
LV.lazerpenguin.com,185.135.84.43,2024-11-17 16:26:23,2024-11-17 16:26:23
LV.lazerpenguin.com,185.135.84.45,2024-11-17 16:26:23,2024-11-17 16:26:23
LV.lazerpenguin.com,185.135.84.44,2024-11-17 16:26:23,2024-11-17 16:26:23
LV.lazerpenguin.com,185.135.85.251,2024-11-17 16:26:23,2024-11-17 16:26:23
LV.lazerpenguin.com,185.135.84.36,2024-11-17 16:26:23,2024-11-17 16:26:23
LV.lazerpenguin.com,185.135.85.252,2024-11-17 16:26:23,2024-11-17 16:26:23
LV.lazerpenguin.com,185.135.85.253,2024-11-17 16:26:23,2024-11-17 16:26:23
LT.lazerpenguin.com,195.238.124.46,2024-11-17 16:26:23,2024-11-17 16:26:23
LT.lazerpenguin.com,195.238.124.38,2024-11-17 16:26:23,2024-11-17 16:26:23
LT.lazerpenguin.com,195.238.124.36,2024-11-17 16:26:23,2024-11-17 16:26:23
LT.lazerpenguin.com,195.238.127.205,2024-11-17 16:26:23,2024-11-17 16:26:23
LT.lazerpenguin.com,195.238.124.45,2024-11-17 16:26:23,2024-11-17 16:26:23
LT.lazerpenguin.com,195.238.124.49,2024-11-17 16:26:23,2024-11-17 16:26:23
LT.lazerpenguin.com,195.238.124.48,2024-11-17 16:26:23,2024-11-17 16:26:23
LT.lazerpenguin.com,195.238.124.50,2024-11-17 16:26:23,2024-11-17 16:26:23
LT.lazerpenguin.com,195.238.124.56,2024-11-17 16:26:23,2024-11-17 16:26:23
LT.lazerpenguin.com,195.238.124.35,2024-11-17 16:26:23,2024-11-17 16:26:23
LT.lazerpenguin.com,195.238.124.39,2024-11-17 16:26:23,2024-11-17 16:26:23
LT.lazerpenguin.com,195.238.127.189,2024-11-17 16:26:23,2024-11-17 16:26:23
LT.lazerpenguin.com,195.238.124.54,2024-11-17 16:26:23,2024-11-17 16:26:23
LT.lazerpenguin.com,195.238.124.37,2024-11-17 16:26:23,2024-11-17 16:26:23
LT.lazerpenguin.com,195.238.124.53,2024-11-17 16:26:23,2024-11-17 16:26:23
LT.lazerpenguin.com,195.238.127.203,2024-11-17 16:26:23,2024-11-17 16:26:23
LT.lazerpenguin.com,195.238.124.57,2024-11-17 16:26:23,2024-11-17 16:26:23
LT.lazerpenguin.com,195.238.124.52,2024-11-17 16:26:23,2024-11-17 16:26:23
LT.lazerpenguin.com,195.238.124.55,2024-11-17 16:26:23,2024-11-17 16:26:23
LT.lazerpenguin.com,195.238.127.188,2024-11-17 16:26:23,2024-11-17 16:26:23
NL.lazerpenguin.com,142.93.137.135,2024-11-17 16:26:23,2024-11-17 16:26:23
NL.lazerpenguin.com,209.38.101.141,2024-11-17 16:26:23,2024-11-17 16:26:23
NL.lazerpenguin.com,167.71.13.227,2024-11-17 16:26:23,2024-11-17 16:26:23
NL.lazerpenguin.com,134.209.192.143,2024-11-17 16:26:23,2024-11-17 16:26:23
NL.lazerpenguin.com,134.209.196.176,2024-11-17 16:26:23,2024-11-17 16:26:23
NL.lazerpenguin.com,64.225.74.21,2024-11-17 16:26:23,2024-11-17 16:26:23
NL.lazerpenguin.com,209.38.101.107,2024-11-17 16:26:23,2024-11-17 16:26:23
NL.lazerpenguin.com,165.22.201.76,2024-11-17 16:26:23,2024-11-17 16:26:23
NL.lazerpenguin.com,165.232.85.147,2024-11-17 16:26:23,2024-11-17 16:26:23
NL.lazerpenguin.com,161.35.83.255,2024-11-17 16:26:23,2024-11-17 16:26:23
NL.lazerpenguin.com,68.183.9.196,2024-11-17 16:26:23,2024-11-17 16:26:23
NL.lazerpenguin.com,178.62.223.41,2024-11-17 16:26:23,2024-11-17 16:26:23
NL.lazerpenguin.com,164.92.158.140,2024-11-17 16:26:23,2024-11-17 16:26:23
NL.lazerpenguin.com,161.35.152.186,2024-11-17 16:26:23,2024-11-17 16:26:23
NL.lazerpenguin.com,146.190.25.250,2024-11-17 16:26:23,2024-11-17 16:26:23
NL.lazerpenguin.com,104.248.203.132,2024-11-17 16:26:23,2024-11-17 16:26:23
NL.lazerpenguin.com,64.225.75.226,2024-11-17 16:26:23,2024-11-17 16:26:23
NL.lazerpenguin.com,68.183.8.116,2024-11-17 16:26:23,2024-11-17 16:26:23
NL.lazerpenguin.com,64.227.68.69,2024-11-17 16:26:23,2024-11-17 16:26:23
NL.lazerpenguin.com,95.211.19.174,2024-11-17 16:26:23,2024-11-17 16:26:23
PL.lazerpenguin.com,5.253.206.40,2024-11-17 16:26:23,2024-11-17 16:26:23
PL.lazerpenguin.com,70.34.249.203,2024-11-17 16:26:23,2024-11-17 16:26:23
PL.lazerpenguin.com,70.34.244.140,2024-11-17 16:26:23,2024-11-17 16:26:23
PL.lazerpenguin.com,45.128.38.73,2024-11-17 16:26:23,2024-11-17 16:26:23
PL.lazerpenguin.com,64.176.64.49,2024-11-17 16:26:23,2024-11-17 16:26:23
PL.lazerpenguin.com,64.176.68.31,2024-11-17 16:26:23,2024-11-17 16:26:23
PL.lazerpenguin.com,45.128.38.71,2024-11-17 16:26:23,2024-11-17 16:26:23
PL.lazerpenguin.com,64.176.69.191,2024-11-17 16:26:23,2024-11-17 16:26:23
PL.lazerpenguin.com,64.176.70.102,2024-11-17 16:26:23,2024-11-17 16:26:23
PL.lazerpenguin.com,5.253.206.41,2024-11-17 16:26:23,2024-11-17 16:26:23
PL.lazerpenguin.com,5.253.206.183,2024-11-17 16:26:23,2024-11-17 16:26:23
PL.lazerpenguin.com,70.34.248.139,2024-11-17 16:26:23,2024-11-17 16:26:23
PL.lazerpenguin.com,70.34.250.85,2024-11-17 16:26:23,2024-11-17 16:26:23
PL.lazerpenguin.com,70.34.244.174,2024-11-17 16:26:23,2024-11-17 16:26:23
PL.lazerpenguin.com,70.34.255.237,2024-11-17 16:26:23,2024-11-17 16:26:23
PL.lazerpenguin.com,64.176.69.83,2024-11-17 16:26:23,2024-11-17 16:26:23
PL.lazerpenguin.com,70.34.250.203,2024-11-17 16:26:23,2024-11-17 16:26:23
PL.lazerpenguin.com,45.128.38.70,2024-11-17 16:26:23,2024-11-17 16:26:23
PL.lazerpenguin.com,70.34.255.112,2024-11-17 16:26:23,2024-11-17 16:26:23
PL.lazerpenguin.com,5.253.206.35,2024-11-17 16:26:23,2024-11-17 16:26:23
PT.lazerpenguin.com,185.113.140.115,2024-11-17 16:26:23,2024-11-17 16:26:23
PT.lazerpenguin.com,185.113.140.111,2024-11-17 16:26:23,2024-11-17 16:26:23
PT.lazerpenguin.com,185.113.140.240,2024-11-17 16:26:23,2024-11-17 16:26:23
PT.lazerpenguin.com,185.113.143.32,2024-11-17 16:26:23,2024-11-17 16:26:23
PT.lazerpenguin.com,185.113.143.31,2024-11-17 16:26:23,2024-11-17 16:26:23
PT.lazerpenguin.com,185.113.143.33,2024-11-17 16:26:23,2024-11-17 16:26:23
PT.lazerpenguin.com,185.113.140.245,2024-11-17 16:26:23,2024-11-17 16:26:23
PT.lazerpenguin.com,185.113.140.113,2024-11-17 16:26:23,2024-11-17 16:26:23
RO.lazerpenguin.com,146.70.164.8,2024-11-17 16:26:23,2024-11-17 16:26:23
RO.lazerpenguin.com,146.70.164.41,2024-11-17 16:26:23,2024-11-17 16:26:23
RO.lazerpenguin.com,185.181.103.22,2024-11-17 16:26:23,2024-11-17 16:26:23
RO.lazerpenguin.com,146.70.164.3,2024-11-17 16:26:23,2024-11-17 16:26:23
RO.lazerpenguin.com,185.181.103.20,2024-11-17 16:26:23,2024-11-17 16:26:23
RO.lazerpenguin.com,91.195.98.56,2024-11-17 16:26:23,2024-11-17 16:26:23
RO.lazerpenguin.com,185.181.103.8,2024-11-17 16:26:23,2024-11-17 16:26:23
RO.lazerpenguin.com,185.181.103.5,2024-11-17 16:26:23,2024-11-17 16:26:23
RO.lazerpenguin.com,146.70.164.22,2024-11-17 16:26:23,2024-11-17 16:26:23
RO.lazerpenguin.com,146.70.164.21,2024-11-17 16:26:23,2024-11-17 16:26:23
RO.lazerpenguin.com,185.181.103.19,2024-11-17 16:26:23,2024-11-17 16:26:23
RO.lazerpenguin.com,146.70.164.40,2024-11-17 16:26:23,2024-11-17 16:26:23
RO.lazerpenguin.com,146.70.164.5,2024-11-17 16:26:23,2024-11-17 16:26:23
RO.lazerpenguin.com,91.195.98.53,2024-11-17 16:26:23,2024-11-17 16:26:23
RO.lazerpenguin.com,146.70.164.52,2024-11-17 16:26:23,2024-11-17 16:26:23
RO.lazerpenguin.com,146.70.164.51,2024-11-17 16:26:23,2024-11-17 16:26:23
RO.lazerpenguin.com,146.70.164.4,2024-11-17 16:26:23,2024-11-17 16:26:23
RO.lazerpenguin.com,185.181.103.3,2024-11-17 16:26:23,2024-11-17 16:26:23
RO.lazerpenguin.com,146.70.164.56,2024-11-17 16:26:23,2024-11-17 16:26:23
RO.lazerpenguin.com,185.181.103.6,2024-11-17 16:26:23,2024-11-17 16:26:23
SI.lazerpenguin.com,212.44.120.19,2024-11-17 16:26:23,2024-11-17 16:26:23
SI.lazerpenguin.com,212.44.120.18,2024-11-17 16:26:23,2024-11-17 16:26:23
SI.lazerpenguin.com,212.44.120.16,2024-11-17 16:26:23,2024-11-17 16:26:23
SI.lazerpenguin.com,212.44.120.23,2024-11-17 16:26:23,2024-11-17 16:26:23
SI.lazerpenguin.com,212.44.120.26,2024-11-17 16:26:23,2024-11-17 16:26:23
SI.lazerpenguin.com,212.44.120.20,2024-11-17 16:26:23,2024-11-17 16:26:23
SI.lazerpenguin.com,212.44.120.29,2024-11-17 16:26:23,2024-11-17 16:26:23
SI.lazerpenguin.com,212.44.120.17,2024-11-17 16:26:23,2024-11-17 16:26:23
SI.lazerpenguin.com,212.44.120.9,2024-11-17 16:26:23,2024-11-17 16:26:23
SI.lazerpenguin.com,212.44.120.3,2024-11-17 16:26:23,2024-11-17 16:26:23
SI.lazerpenguin.com,212.44.120.27,2024-11-17 16:26:23,2024-11-17 16:26:23
SI.lazerpenguin.com,212.44.120.28,2024-11-17 16:26:23,2024-11-17 16:26:23
SI.lazerpenguin.com,212.44.120.24,2024-11-17 16:26:23,2024-11-17 16:26:23
SI.lazerpenguin.com,212.44.120.25,2024-11-17 16:26:23,2024-11-17 16:26:23
SI.lazerpenguin.com,212.44.120.10,2024-11-17 16:26:23,2024-11-17 16:26:23
SI.lazerpenguin.com,212.44.120.6,2024-11-17 16:26:23,2024-11-17 16:26:23
SI.lazerpenguin.com,212.44.120.11,2024-11-17 16:26:23,2024-11-17 16:26:23
SI.lazerpenguin.com,212.44.120.7,2024-11-17 16:26:23,2024-11-17 16:26:23
ES.lazerpenguin.com,65.20.101.68,2024-11-17 16:26:23,2024-11-17 16:26:23
ES.lazerpenguin.com,65.20.102.172,2024-11-17 16:26:23,2024-11-17 16:26:23
ES.lazerpenguin.com,65.20.107.159,2024-11-17 16:26:23,2024-11-17 16:26:23
ES.lazerpenguin.com,65.20.101.106,2024-11-17 16:26:23,2024-11-17 16:26:23
ES.lazerpenguin.com,208.85.22.191,2024-11-17 16:26:23,2024-11-17 16:26:23
ES.lazerpenguin.com,65.20.106.64,2024-11-17 16:26:23,2024-11-17 16:26:23
ES.lazerpenguin.com,65.20.99.162,2024-11-17 16:26:23,2024-11-17 16:26:23
ES.lazerpenguin.com,208.76.221.232,2024-11-17 16:26:23,2024-11-17 16:26:23
ES.lazerpenguin.com,208.76.221.252,2024-11-17 16:26:23,2024-11-17 16:26:23
ES.lazerpenguin.com,65.20.107.102,2024-11-17 16:26:23,2024-11-17 16:26:23
ES.lazerpenguin.com,98.98.171.89,2024-11-17 16:26:23,2024-11-17 16:26:23
ES.lazerpenguin.com,208.85.23.40,2024-11-17 16:26:23,2024-11-17 16:26:23
ES.lazerpenguin.com,98.98.171.40,2024-11-17 16:26:23,2024-11-17 16:26:23
ES.lazerpenguin.com,208.76.221.197,2024-11-17 16:26:23,2024-11-17 16:26:23
ES.lazerpenguin.com,208.85.22.209,2024-11-17 16:26:23,2024-11-17 16:26:23
ES.lazerpenguin.com,208.76.221.9,2024-11-17 16:26:23,2024-11-17 16:26:23
ES.lazerpenguin.com,194.99.104.200,2024-11-17 16:26:23,2024-11-17 16:26:23
ES.lazerpenguin.com,65.20.101.187,2024-11-17 16:26:23,2024-11-17 16:26:23
ES.lazerpenguin.com,65.20.103.29,2024-11-17 16:26:23,2024-11-17 16:26:23
ES.lazerpenguin.com,208.85.16.132,2024-11-17 16:26:23,2024-11-17 16:26:23
SE.lazerpenguin.com,70.34.204.142,2024-11-17 16:26:23,2024-11-17 16:26:23
SE.lazerpenguin.com,146.70.207.245,2024-11-17 16:26:23,2024-11-17 16:26:23
SE.lazerpenguin.com,98.98.190.55,2024-11-17 16:26:23,2024-11-17 16:26:23
SE.lazerpenguin.com,98.98.190.66,2024-11-17 16:26:23,2024-11-17 16:26:23
SE.lazerpenguin.com,146.70.242.55,2024-11-17 16:26:23,2024-11-17 16:26:23
SE.lazerpenguin.com,70.34.211.22,2024-11-17 16:26:23,2024-11-17 16:26:23
SE.lazerpenguin.com,146.70.207.231,2024-11-17 16:26:23,2024-11-17 16:26:23
SE.lazerpenguin.com,146.70.242.51,2024-11-17 16:26:23,2024-11-17 16:26:23
SE.lazerpenguin.com,146.70.207.227,2024-11-17 16:26:23,2024-11-17 16:26:23
SE.lazerpenguin.com,98.98.190.72,2024-11-17 16:26:23,2024-11-17 16:26:23
SE.lazerpenguin.com,70.34.217.48,2024-11-17 16:26:23,2024-11-17 16:26:23
SE.lazerpenguin.com,98.98.190.67,2024-11-17 16:26:23,2024-11-17 16:26:23
SE.lazerpenguin.com,146.70.242.6,2024-11-17 16:26:23,2024-11-17 16:26:23
SE.lazerpenguin.com,98.98.190.39,2024-11-17 16:26:23,2024-11-17 16:26:23
SE.lazerpenguin.com,146.70.242.5,2024-11-17 16:26:23,2024-11-17 16:26:23
SE.lazerpenguin.com,146.70.242.36,2024-11-17 16:26:23,2024-11-17 16:26:23
SE.lazerpenguin.com,70.34.194.23,2024-11-17 16:26:23,2024-11-17 16:26:23
SE.lazerpenguin.com,146.70.242.56,2024-11-17 16:26:23,2024-11-17 16:26:23
SE.lazerpenguin.com,146.70.242.53,2024-11-17 16:26:23,2024-11-17 16:26:23
SE.lazerpenguin.com,98.98.190.9,2024-11-17 16:26:23,2024-11-17 16:26:23
GB.lazerpenguin.com,46.101.72.221,2024-11-17 16:26:23,2024-11-17 16:26:23
GB.lazerpenguin.com,161.35.41.84,2024-11-17 16:26:23,2024-11-17 16:26:23
GB.lazerpenguin.com,104.248.175.86,2024-11-17 16:26:23,2024-11-17 16:26:23
GB.lazerpenguin.com,138.68.169.94,2024-11-17 16:26:23,2024-11-17 16:26:23
GB.lazerpenguin.com,178.62.102.202,2024-11-17 16:26:23,2024-11-17 16:26:23
GB.lazerpenguin.com,167.71.143.45,2024-11-17 16:26:23,2024-11-17 16:26:23
GB.lazerpenguin.com,178.128.169.58,2024-11-17 16:26:23,2024-11-17 16:26:23
GB.lazerpenguin.com,139.59.180.202,2024-11-17 16:26:23,2024-11-17 16:26:23
GB.lazerpenguin.com,178.62.106.36,2024-11-17 16:26:23,2024-11-17 16:26:23
GB.lazerpenguin.com,138.68.151.241,2024-11-17 16:26:23,2024-11-17 16:26:23
GB.lazerpenguin.com,134.122.107.126,2024-11-17 16:26:23,2024-11-17 16:26:23
GB.lazerpenguin.com,23.90.184.135,2024-11-17 16:26:23,2024-11-17 16:26:23
GB.lazerpenguin.com,165.22.123.138,2024-11-17 16:26:23,2024-11-17 16:26:23
GB.lazerpenguin.com,167.99.205.111,2024-11-17 16:26:23,2024-11-17 16:26:23
GB.lazerpenguin.com,165.227.237.145,2024-11-17 16:26:23,2024-11-17 16:26:23
GB.lazerpenguin.com,165.22.127.11,2024-11-17 16:26:23,2024-11-17 16:26:23
GB.lazerpenguin.com,167.172.55.186,2024-11-17 16:26:23,2024-11-17 16:26:23
GB.lazerpenguin.com,165.232.36.70,2024-11-17 16:26:23,2024-11-17 16:26:23
GB.lazerpenguin.com,138.68.186.165,2024-11-17 16:26:23,2024-11-17 16:26:23
GB.lazerpenguin.com,23.90.184.150,2024-11-17 16:26:23,2024-11-17 16:26:23
GB.lazerpenguin.com,178.128.166.76,2024-11-17 16:26:23,2024-11-17 16:26:23
GB.lazerpenguin.com,138.68.178.65,2024-11-17 16:26:23,2024-11-17 16:26:23
GB.lazerpenguin.com,23.90.184.19,2024-11-17 16:26:23,2024-11-17 16:26:23
GB.lazerpenguin.com,165.22.120.46,2024-11-17 16:26:23,2024-11-17 16:26:23
GB.lazerpenguin.com,142.93.38.143,2024-11-17 16:26:23,2024-11-17 16:26:23
GB.lazerpenguin.com,138.68.146.249,2024-11-17 16:26:23,2024-11-17 16:26:23
GB.lazerpenguin.com,143.110.160.88,2024-11-17 16:26:23,2024-11-17 16:26:23
GB.lazerpenguin.com,167.99.206.138,2024-11-17 16:26:23,2024-11-17 16:26:23
GB.lazerpenguin.com,138.68.149.136,2024-11-17 16:26:23,2024-11-17 16:26:23
GB.lazerpenguin.com,23.90.184.83,2024-11-17 16:26:23,2024-11-17 16:26:23
GB.lazerpenguin.com,134.122.96.139,2024-11-17 16:26:23,2024-11-17 16:26:23
GB.lazerpenguin.com,206.189.121.206,2024-11-17 16:26:23,2024-11-17 16:26:23
GB.lazerpenguin.com,138.68.189.1,2024-11-17 16:26:23,2024-11-17 16:26:23
GB.lazerpenguin.com,46.101.93.61,2024-11-17 16:26:23,2024-11-17 16:26:23
GB.lazerpenguin.com,165.232.109.138,2024-11-17 16:26:23,2024-11-17 16:26:23
GB.lazerpenguin.com,167.71.133.21,2024-11-17 16:26:23,2024-11-17 16:26:23
GB.lazerpenguin.com,134.209.21.5,2024-11-17 16:26:23,2024-11-17 16:26:23
GB.lazerpenguin.com,178.62.116.153,2024-11-17 16:26:23,2024-11-17 16:26:23
GB.lazerpenguin.com,23.90.184.102,2024-11-17 16:26:23,2024-11-17 16:26:23
CH.lazerpenguin.com,146.70.99.118,2024-11-17 16:26:23,2024-11-17 16:26:23
CH.lazerpenguin.com,146.70.226.70,2024-11-17 16:26:23,2024-11-17 16:26:23
CH.lazerpenguin.com,146.70.226.21,2024-11-17 16:26:23,2024-11-17 16:26:23
CH.lazerpenguin.com,146.70.226.56,2024-11-17 16:26:23,2024-11-17 16:26:23
CH.lazerpenguin.com,146.70.226.35,2024-11-17 16:26:23,2024-11-17 16:26:23
CH.lazerpenguin.com,146.70.226.71,2024-11-17 16:26:23,2024-11-17 16:26:23
CH.lazerpenguin.com,146.70.99.136,2024-11-17 16:26:23,2024-11-17 16:26:23
CH.lazerpenguin.com,146.70.226.41,2024-11-17 16:26:23,2024-11-17 16:26:23
CH.lazerpenguin.com,146.70.226.57,2024-11-17 16:26:23,2024-11-17 16:26:23
CH.lazerpenguin.com,146.70.99.135,2024-11-17 16:26:23,2024-11-17 16:26:23
CH.lazerpenguin.com,146.70.226.52,2024-11-17 16:26:23,2024-11-17 16:26:23
CH.lazerpenguin.com,146.70.99.137,2024-11-17 16:26:23,2024-11-17 16:26:23
CH.lazerpenguin.com,146.70.226.40,2024-11-17 16:26:23,2024-11-17 16:26:23
CH.lazerpenguin.com,146.70.99.151,2024-11-17 16:26:23,2024-11-17 16:26:23
CH.lazerpenguin.com,146.70.99.154,2024-11-17 16:26:23,2024-11-17 16:26:23
CH.lazerpenguin.com,146.70.99.117,2024-11-17 16:26:23,2024-11-17 16:26:23
CH.lazerpenguin.com,146.70.226.8,2024-11-17 16:26:23,2024-11-17 16:26:23
CH.lazerpenguin.com,146.70.226.22,2024-11-17 16:26:23,2024-11-17 16:26:23
CH.lazerpenguin.com,146.70.99.132,2024-11-17 16:26:23,2024-11-17 16:26:23
CH.lazerpenguin.com,146.70.226.4,2024-11-17 16:26:23,2024-11-17 16:26:23
RS.lazerpenguin.com,89.38.224.216,2024-11-17 16:26:23,2024-11-17 16:26:23
RS.lazerpenguin.com,89.38.224.246,2024-11-17 16:26:23,2024-11-17 16:26:23
RS.lazerpenguin.com,89.38.224.244,2024-11-17 16:26:23,2024-11-17 16:26:23
RS.lazerpenguin.com,89.38.224.215,2024-11-17 16:26:23,2024-11-17 16:26:23
RS.lazerpenguin.com,89.38.224.230,2024-11-17 16:26:23,2024-11-17 16:26:23
RS.lazerpenguin.com,89.38.224.248,2024-11-17 16:26:23,2024-11-17 16:26:23
RS.lazerpenguin.com,89.38.224.214,2024-11-17 16:26:23,2024-11-17 16:26:23
RS.lazerpenguin.com,89.38.224.228,2024-11-17 16:26:23,2024-11-17 16:26:23
RS.lazerpenguin.com,89.38.224.245,2024-11-17 16:26:23,2024-11-17 16:26:23
RS.lazerpenguin.com,89.38.224.249,2024-11-17 16:26:23,2024-11-17 16:26:23
RS.lazerpenguin.com,89.38.224.229,2024-11-17 16:26:23,2024-11-17 16:26:23
RS.lazerpenguin.com,89.38.224.227,2024-11-17 16:26:23,2024-11-17 16:26:23
RS.lazerpenguin.com,89.38.224.217,2024-11-17 16:26:23,2024-11-17 16:26:23
RS.lazerpenguin.com,89.38.224.233,2024-11-17 16:26:23,2024-11-17 16:26:23
RS.lazerpenguin.com,89.38.224.212,2024-11-17 16:26:23,2024-11-17 16:26:23
RS.lazerpenguin.com,89.38.224.232,2024-11-17 16:26:23,2024-11-17 16:26:23
RS.lazerpenguin.com,89.38.224.243,2024-11-17 16:26:23,2024-11-17 16:26:23
RS.lazerpenguin.com,89.38.224.211,2024-11-17 16:26:23,2024-11-17 16:26:23
RS.lazerpenguin.com,89.38.224.231,2024-11-17 16:26:23,2024-11-17 16:26:23
RS.lazerpenguin.com,89.38.224.247,2024-11-17 16:26:23,2024-11-17 16:26:23
MD.lazerpenguin.com,178.175.140.168,2024-11-17 16:26:23,2024-11-17 16:26:23
MD.lazerpenguin.com,178.175.140.149,2024-11-17 16:26:23,2024-11-17 16:26:23
MD.lazerpenguin.com,178.175.140.167,2024-11-17 16:26:23,2024-11-17 16:26:23
MD.lazerpenguin.com,178.175.140.185,2024-11-17 16:26:23,2024-11-17 16:26:23
MD.lazerpenguin.com,178.175.140.150,2024-11-17 16:26:23,2024-11-17 16:26:23
MD.lazerpenguin.com,178.175.140.164,2024-11-17 16:26:23,2024-11-17 16:26:23
MD.lazerpenguin.com,178.175.140.182,2024-11-17 16:26:23,2024-11-17 16:26:23
MD.lazerpenguin.com,178.175.140.163,2024-11-17 16:26:23,2024-11-17 16:26:23
MD.lazerpenguin.com,178.175.140.153,2024-11-17 16:26:23,2024-11-17 16:26:23
MD.lazerpenguin.com,178.175.140.151,2024-11-17 16:26:23,2024-11-17 16:26:23
MD.lazerpenguin.com,178.175.140.166,2024-11-17 16:26:23,2024-11-17 16:26:23
MD.lazerpenguin.com,178.175.140.179,2024-11-17 16:26:23,2024-11-17 16:26:23
MD.lazerpenguin.com,178.175.140.147,2024-11-17 16:26:23,2024-11-17 16:26:23
MD.lazerpenguin.com,178.175.140.181,2024-11-17 16:26:23,2024-11-17 16:26:23
MD.lazerpenguin.com,178.175.140.152,2024-11-17 16:26:23,2024-11-17 16:26:23
MD.lazerpenguin.com,178.175.140.169,2024-11-17 16:26:23,2024-11-17 16:26:23
MD.lazerpenguin.com,178.175.140.148,2024-11-17 16:26:23,2024-11-17 16:26:23
MD.lazerpenguin.com,178.175.140.183,2024-11-17 16:26:23,2024-11-17 16:26:23
MD.lazerpenguin.com,178.175.140.186,2024-11-17 16:26:23,2024-11-17 16:26:23
MD.lazerpenguin.com,178.175.140.170,2024-11-17 16:26:23,2024-11-17 16:26:23
AR.lazerpenguin.com,103.50.33.221,2024-11-17 16:26:23,2024-11-17 16:26:23
AR.lazerpenguin.com,103.50.33.212,2024-11-17 16:26:23,2024-11-17 16:26:23
AR.lazerpenguin.com,103.50.33.222,2024-11-17 16:26:23,2024-11-17 16:26:23
AR.lazerpenguin.com,103.50.33.217,2024-11-17 16:26:23,2024-11-17 16:26:23
AR.lazerpenguin.com,103.50.33.208,2024-11-17 16:26:23,2024-11-17 16:26:23
AR.lazerpenguin.com,103.50.33.244,2024-11-17 16:26:23,2024-11-17 16:26:23
AR.lazerpenguin.com,103.50.33.234,2024-11-17 16:26:23,2024-11-17 16:26:23
AR.lazerpenguin.com,103.50.33.220,2024-11-17 16:26:23,2024-11-17 16:26:23
AR.lazerpenguin.com,103.50.33.229,2024-11-17 16:26:23,2024-11-17 16:26:23
AR.lazerpenguin.com,103.50.33.232,2024-11-17 16:26:23,2024-11-17 16:26:23
AR.lazerpenguin.com,103.50.33.209,2024-11-17 16:26:23,2024-11-17 16:26:23
AR.lazerpenguin.com,103.50.33.216,2024-11-17 16:26:23,2024-11-17 16:26:23
AR.lazerpenguin.com,103.50.33.238,2024-11-17 16:26:23,2024-11-17 16:26:23
AR.lazerpenguin.com,103.50.33.240,2024-11-17 16:26:23,2024-11-17 16:26:23
AR.lazerpenguin.com,103.50.33.228,2024-11-17 16:26:23,2024-11-17 16:26:23
AR.lazerpenguin.com,103.50.33.226,2024-11-17 16:26:23,2024-11-17 16:26:23
AR.lazerpenguin.com,103.50.33.223,2024-11-17 16:26:23,2024-11-17 16:26:23
AR.lazerpenguin.com,103.50.33.218,2024-11-17 16:26:23,2024-11-17 16:26:23
AR.lazerpenguin.com,103.50.33.224,2024-11-17 16:26:23,2024-11-17 16:26:23
AR.lazerpenguin.com,103.50.33.242,2024-11-17 16:26:23,2024-11-17 16:26:23
BR.lazerpenguin.com,216.238.108.255,2024-11-17 16:26:23,2024-11-17 16:26:23
BR.lazerpenguin.com,216.238.115.158,2024-11-17 16:26:23,2024-11-17 16:26:23
BR.lazerpenguin.com,216.238.115.226,2024-11-17 16:26:23,2024-11-17 16:26:23
BR.lazerpenguin.com,98.98.18.70,2024-11-17 16:26:23,2024-11-17 16:26:23
BR.lazerpenguin.com,216.238.111.132,2024-11-17 16:26:23,2024-11-17 16:26:23
BR.lazerpenguin.com,216.238.106.209,2024-11-17 16:26:23,2024-11-17 16:26:23
BR.lazerpenguin.com,216.238.104.165,2024-11-17 16:26:23,2024-11-17 16:26:23
BR.lazerpenguin.com,216.238.115.123,2024-11-17 16:26:23,2024-11-17 16:26:23
BR.lazerpenguin.com,98.98.19.197,2024-11-17 16:26:23,2024-11-17 16:26:23
BR.lazerpenguin.com,216.238.109.172,2024-11-17 16:26:23,2024-11-17 16:26:23
BR.lazerpenguin.com,216.238.105.229,2024-11-17 16:26:23,2024-11-17 16:26:23
BR.lazerpenguin.com,216.238.109.180,2024-11-17 16:26:23,2024-11-17 16:26:23
BR.lazerpenguin.com,216.238.107.176,2024-11-17 16:26:23,2024-11-17 16:26:23
BR.lazerpenguin.com,216.238.120.7,2024-11-17 16:26:23,2024-11-17 16:26:23
BR.lazerpenguin.com,216.238.109.223,2024-11-17 16:26:23,2024-11-17 16:26:23
BR.lazerpenguin.com,216.238.116.147,2024-11-17 16:26:23,2024-11-17 16:26:23
BR.lazerpenguin.com,216.238.101.147,2024-11-17 16:26:23,2024-11-17 16:26:23
BR.lazerpenguin.com,216.238.102.46,2024-11-17 16:26:23,2024-11-17 16:26:23
BR.lazerpenguin.com,216.238.99.203,2024-11-17 16:26:23,2024-11-17 16:26:23
BR.lazerpenguin.com,216.238.103.47,2024-11-17 16:26:23,2024-11-17 16:26:23
CA.lazerpenguin.com,159.203.5.120,2024-11-17 16:26:23,2024-11-17 16:26:23
CA.lazerpenguin.com,147.182.157.7,2024-11-17 16:26:23,2024-11-17 16:26:23
CA.lazerpenguin.com,138.197.153.218,2024-11-17 16:26:23,2024-11-17 16:26:23
CA.lazerpenguin.com,178.128.237.86,2024-11-17 16:26:23,2024-11-17 16:26:23
CA.lazerpenguin.com,142.93.144.193,2024-11-17 16:26:23,2024-11-17 16:26:23
CA.lazerpenguin.com,68.183.196.109,2024-11-17 16:26:23,2024-11-17 16:26:23
CA.lazerpenguin.com,147.182.155.89,2024-11-17 16:26:23,2024-11-17 16:26:23
CA.lazerpenguin.com,167.99.176.201,2024-11-17 16:26:23,2024-11-17 16:26:23
CA.lazerpenguin.com,159.203.34.152,2024-11-17 16:26:23,2024-11-17 16:26:23
CA.lazerpenguin.com,138.197.154.96,2024-11-17 16:26:23,2024-11-17 16:26:23
CA.lazerpenguin.com,159.203.9.223,2024-11-17 16:26:23,2024-11-17 16:26:23
CA.lazerpenguin.com,159.203.27.139,2024-11-17 16:26:23,2024-11-17 16:26:23
CA.lazerpenguin.com,165.227.38.32,2024-11-17 16:26:23,2024-11-17 16:26:23
CA.lazerpenguin.com,159.203.13.188,2024-11-17 16:26:23,2024-11-17 16:26:23
CA.lazerpenguin.com,167.99.189.173,2024-11-17 16:26:23,2024-11-17 16:26:23
CA.lazerpenguin.com,159.203.11.253,2024-11-17 16:26:23,2024-11-17 16:26:23
CA.lazerpenguin.com,159.89.115.73,2024-11-17 16:26:23,2024-11-17 16:26:23
CA.lazerpenguin.com,143.110.218.237,2024-11-17 16:26:23,2024-11-17 16:26:23
CA.lazerpenguin.com,146.190.241.196,2024-11-17 16:26:23,2024-11-17 16:26:23
CA.lazerpenguin.com,159.203.39.75,2024-11-17 16:26:23,2024-11-17 16:26:23
CA.lazerpenguin.com,134.122.42.41,2024-11-17 16:26:23,2024-11-17 16:26:23
CA.lazerpenguin.com,159.203.7.163,2024-11-17 16:26:23,2024-11-17 16:26:23
CA.lazerpenguin.com,68.183.207.29,2024-11-17 16:26:23,2024-11-17 16:26:23
CA.lazerpenguin.com,147.182.147.112,2024-11-17 16:26:23,2024-11-17 16:26:23
CA.lazerpenguin.com,146.190.244.240,2024-11-17 16:26:23,2024-11-17 16:26:23
CA.lazerpenguin.com,159.89.118.234,2024-11-17 16:26:23,2024-11-17 16:26:23
CA.lazerpenguin.com,167.99.185.152,2024-11-17 16:26:23,2024-11-17 16:26:23
CA.lazerpenguin.com,137.184.165.88,2024-11-17 16:26:23,2024-11-17 16:26:23
CA.lazerpenguin.com,146.190.245.1,2024-11-17 16:26:23,2024-11-17 16:26:23
CA.lazerpenguin.com,165.22.231.64,2024-11-17 16:26:23,2024-11-17 16:26:23
CA.lazerpenguin.com,178.128.238.23,2024-11-17 16:26:23,2024-11-17 16:26:23
CA.lazerpenguin.com,146.190.243.170,2024-11-17 16:26:23,2024-11-17 16:26:23
CA.lazerpenguin.com,159.89.120.46,2024-11-17 16:26:23,2024-11-17 16:26:23
CA.lazerpenguin.com,159.203.7.81,2024-11-17 16:26:23,2024-11-17 16:26:23
CA.lazerpenguin.com,159.203.13.207,2024-11-17 16:26:23,2024-11-17 16:26:23
CA.lazerpenguin.com,159.89.112.111,2024-11-17 16:26:23,2024-11-17 16:26:23
CA.lazerpenguin.com,167.99.178.7,2024-11-17 16:26:23,2024-11-17 16:26:23
CA.lazerpenguin.com,142.93.157.176,2024-11-17 16:26:23,2024-11-17 16:26:23
CA.lazerpenguin.com,137.184.173.101,2024-11-17 16:26:23,2024-11-17 16:26:23
CA.lazerpenguin.com,159.203.5.17,2024-11-17 16:26:23,2024-11-17 16:26:23
CL.lazerpenguin.com,45.250.252.181,2024-11-17 16:26:23,2024-11-17 16:26:23
CL.lazerpenguin.com,45.250.252.182,2024-11-17 16:26:23,2024-11-17 16:26:23
CL.lazerpenguin.com,45.250.252.178,2024-11-17 16:26:23,2024-11-17 16:26:23
CL.lazerpenguin.com,45.250.252.162,2024-11-17 16:26:23,2024-11-17 16:26:23
CL.lazerpenguin.com,45.250.252.167,2024-11-17 16:26:23,2024-11-17 16:26:23
CL.lazerpenguin.com,45.250.252.164,2024-11-17 16:26:23,2024-11-17 16:26:23
CL.lazerpenguin.com,45.250.252.152,2024-11-17 16:26:23,2024-11-17 16:26:23
CL.lazerpenguin.com,45.250.252.147,2024-11-17 16:26:23,2024-11-17 16:26:23
CL.lazerpenguin.com,45.250.252.184,2024-11-17 16:26:23,2024-11-17 16:26:23
CL.lazerpenguin.com,45.250.252.150,2024-11-17 16:26:23,2024-11-17 16:26:23
CL.lazerpenguin.com,45.250.252.165,2024-11-17 16:26:23,2024-11-17 16:26:23
CL.lazerpenguin.com,45.250.252.166,2024-11-17 16:26:23,2024-11-17 16:26:23
CL.lazerpenguin.com,45.250.252.149,2024-11-17 16:26:23,2024-11-17 16:26:23
CL.lazerpenguin.com,45.250.252.163,2024-11-17 16:26:23,2024-11-17 16:26:23
CL.lazerpenguin.com,45.250.252.168,2024-11-17 16:26:23,2024-11-17 16:26:23
CL.lazerpenguin.com,45.250.252.180,2024-11-17 16:26:23,2024-11-17 16:26:23
CO.lazerpenguin.com,103.219.169.195,2024-11-17 16:26:23,2024-11-17 16:26:23
CO.lazerpenguin.com,103.219.169.132,2024-11-17 16:26:23,2024-11-17 16:26:23
CO.lazerpenguin.com,103.219.169.230,2024-11-17 16:26:23,2024-11-17 16:26:23
CO.lazerpenguin.com,103.219.169.178,2024-11-17 16:26:23,2024-11-17 16:26:23
CO.lazerpenguin.com,103.219.169.133,2024-11-17 16:26:23,2024-11-17 16:26:23
CO.lazerpenguin.com,103.219.169.166,2024-11-17 16:26:23,2024-11-17 16:26:23
CO.lazerpenguin.com,103.219.169.194,2024-11-17 16:26:23,2024-11-17 16:26:23
CO.lazerpenguin.com,103.219.169.182,2024-11-17 16:26:23,2024-11-17 16:26:23
CO.lazerpenguin.com,103.219.169.136,2024-11-17 16:26:23,2024-11-17 16:26:23
CO.lazerpenguin.com,103.219.169.198,2024-11-17 16:26:23,2024-11-17 16:26:23
CO.lazerpenguin.com,103.219.169.167,2024-11-17 16:26:23,2024-11-17 16:26:23
CO.lazerpenguin.com,103.219.169.168,2024-11-17 16:26:23,2024-11-17 16:26:23
CO.lazerpenguin.com,103.219.169.226,2024-11-17 16:26:23,2024-11-17 16:26:23
CO.lazerpenguin.com,103.219.169.183,2024-11-17 16:26:23,2024-11-17 16:26:23
CO.lazerpenguin.com,103.219.169.179,2024-11-17 16:26:23,2024-11-17 16:26:23
CO.lazerpenguin.com,103.219.169.180,2024-11-17 16:26:23,2024-11-17 16:26:23
CO.lazerpenguin.com,103.219.169.130,2024-11-17 16:26:23,2024-11-17 16:26:23
CO.lazerpenguin.com,103.219.169.227,2024-11-17 16:26:23,2024-11-17 16:26:23
CO.lazerpenguin.com,103.219.169.231,2024-11-17 16:26:23,2024-11-17 16:26:23
CO.lazerpenguin.com,103.219.169.229,2024-11-17 16:26:23,2024-11-17 16:26:23
MX.lazerpenguin.com,98.98.33.9,2024-11-17 16:26:23,2024-11-17 16:26:23
MX.lazerpenguin.com,216.238.73.12,2024-11-17 16:26:23,2024-11-17 16:26:23
MX.lazerpenguin.com,98.98.33.86,2024-11-17 16:26:23,2024-11-17 16:26:23
MX.lazerpenguin.com,98.98.33.7,2024-11-17 16:26:23,2024-11-17 16:26:23
MX.lazerpenguin.com,98.98.33.34,2024-11-17 16:26:23,2024-11-17 16:26:23
MX.lazerpenguin.com,216.238.74.100,2024-11-17 16:26:23,2024-11-17 16:26:23
MX.lazerpenguin.com,216.238.88.54,2024-11-17 16:26:23,2024-11-17 16:26:23
MX.lazerpenguin.com,216.238.86.12,2024-11-17 16:26:23,2024-11-17 16:26:23
MX.lazerpenguin.com,98.98.33.88,2024-11-17 16:26:23,2024-11-17 16:26:23
MX.lazerpenguin.com,98.98.33.57,2024-11-17 16:26:23,2024-11-17 16:26:23
MX.lazerpenguin.com,216.238.68.135,2024-11-17 16:26:23,2024-11-17 16:26:23
MX.lazerpenguin.com,98.98.33.3,2024-11-17 16:26:23,2024-11-17 16:26:23
MX.lazerpenguin.com,216.238.79.24,2024-11-17 16:26:23,2024-11-17 16:26:23
MX.lazerpenguin.com,98.98.33.41,2024-11-17 16:26:23,2024-11-17 16:26:23
MX.lazerpenguin.com,216.238.86.6,2024-11-17 16:26:23,2024-11-17 16:26:23
MX.lazerpenguin.com,98.98.21.213,2024-11-17 16:26:23,2024-11-17 16:26:23
MX.lazerpenguin.com,216.238.78.53,2024-11-17 16:26:23,2024-11-17 16:26:23
MX.lazerpenguin.com,98.98.33.54,2024-11-17 16:26:23,2024-11-17 16:26:23
MX.lazerpenguin.com,98.98.33.39,2024-11-17 16:26:23,2024-11-17 16:26:23
MX.lazerpenguin.com,216.238.79.226,2024-11-17 16:26:23,2024-11-17 16:26:23
PE.lazerpenguin.com,200.25.47.121,2024-11-17 16:26:23,2024-11-17 16:26:23
PE.lazerpenguin.com,200.25.47.110,2024-11-17 16:26:23,2024-11-17 16:26:23
PE.lazerpenguin.com,200.25.47.120,2024-11-17 16:26:23,2024-11-17 16:26:23
PE.lazerpenguin.com,200.25.47.113,2024-11-17 16:26:23,2024-11-17 16:26:23
PE.lazerpenguin.com,200.25.47.114,2024-11-17 16:26:23,2024-11-17 16:26:23
PE.lazerpenguin.com,200.25.47.116,2024-11-17 16:26:23,2024-11-17 16:26:23
PE.lazerpenguin.com,200.25.47.132,2024-11-17 16:26:23,2024-11-17 16:26:23
PE.lazerpenguin.com,200.25.47.122,2024-11-17 16:26:23,2024-11-17 16:26:23
PE.lazerpenguin.com,200.25.47.106,2024-11-17 16:26:23,2024-11-17 16:26:23
PE.lazerpenguin.com,200.25.47.108,2024-11-17 16:26:23,2024-11-17 16:26:23
PE.lazerpenguin.com,200.25.47.118,2024-11-17 16:26:23,2024-11-17 16:26:23
PE.lazerpenguin.com,200.25.47.123,2024-11-17 16:26:23,2024-11-17 16:26:23
PE.lazerpenguin.com,200.25.47.119,2024-11-17 16:26:23,2024-11-17 16:26:23
PE.lazerpenguin.com,200.25.47.111,2024-11-17 16:26:23,2024-11-17 16:26:23
PE.lazerpenguin.com,200.25.47.107,2024-11-17 16:26:23,2024-11-17 16:26:23
PE.lazerpenguin.com,200.25.47.112,2024-11-17 16:26:23,2024-11-17 16:26:23
PE.lazerpenguin.com,200.25.47.109,2024-11-17 16:26:23,2024-11-17 16:26:23
PE.lazerpenguin.com,200.25.47.133,2024-11-17 16:26:23,2024-11-17 16:26:23
PE.lazerpenguin.com,200.25.47.117,2024-11-17 16:26:23,2024-11-17 16:26:23
PE.lazerpenguin.com,200.25.47.115,2024-11-17 16:26:23,2024-11-17 16:26:23
US.lazerpenguin.com,192.241.220.189,2024-11-17 16:26:23,2024-11-17 16:26:23
US.lazerpenguin.com,174.128.181.20,2024-11-17 16:26:23,2024-11-17 16:26:23
US.lazerpenguin.com,138.68.226.89,2024-11-17 16:26:23,2024-11-17 16:26:23
US.lazerpenguin.com,174.128.180.20,2024-11-17 16:26:23,2024-11-17 16:26:23
US.lazerpenguin.com,192.241.218.145,2024-11-17 16:26:23,2024-11-17 16:26:23
US.lazerpenguin.com,198.199.100.85,2024-11-17 16:26:23,2024-11-17 16:26:23
US.lazerpenguin.com,174.128.180.196,2024-11-17 16:26:23,2024-11-17 16:26:23
US.lazerpenguin.com,174.128.181.40,2024-11-17 16:26:23,2024-11-17 16:26:23
US.lazerpenguin.com,173.205.176.196,2024-11-17 16:26:23,2024-11-17 16:26:23
US.lazerpenguin.com,174.128.181.54,2024-11-17 16:26:23,2024-11-17 16:26:23
US.lazerpenguin.com,174.128.176.103,2024-11-17 16:26:23,2024-11-17 16:26:23
US.lazerpenguin.com,173.205.176.185,2024-11-17 16:26:23,2024-11-17 16:26:23
US.lazerpenguin.com,174.128.181.102,2024-11-17 16:26:23,2024-11-17 16:26:23
US.lazerpenguin.com,174.128.176.69,2024-11-17 16:26:23,2024-11-17 16:26:23
US.lazerpenguin.com,174.128.180.19,2024-11-17 16:26:23,2024-11-17 16:26:23
US.lazerpenguin.com,198.199.116.213,2024-11-17 16:26:23,2024-11-17 16:26:23
US.lazerpenguin.com,174.128.181.149,2024-11-17 16:26:23,2024-11-17 16:26:23
US.lazerpenguin.com,174.128.181.83,2024-11-17 16:26:23,2024-11-17 16:26:23
US.lazerpenguin.com,173.205.176.213,2024-11-17 16:26:23,2024-11-17 16:26:23
US.lazerpenguin.com,173.205.176.150,2024-11-17 16:26:23,2024-11-17 16:26:23
US.lazerpenguin.com,174.128.181.214,2024-11-17 16:26:23,2024-11-17 16:26:23
US.lazerpenguin.com,174.128.180.201,2024-11-17 16:26:23,2024-11-17 16:26:23
US.lazerpenguin.com,174.128.180.200,2024-11-17 16:26:23,2024-11-17 16:26:23
US.lazerpenguin.com,174.128.180.228,2024-11-17 16:26:23,2024-11-17 16:26:23
US.lazerpenguin.com,174.128.181.19,2024-11-17 16:26:23,2024-11-17 16:26:23
US.lazerpenguin.com,174.128.180.120,2024-11-17 16:26:23,2024-11-17 16:26:23
US.lazerpenguin.com,174.128.176.105,2024-11-17 16:26:23,2024-11-17 16:26:23
US.lazerpenguin.com,174.128.181.185,2024-11-17 16:26:23,2024-11-17 16:26:23
US.lazerpenguin.com,174.128.177.247,2024-11-17 16:26:23,2024-11-17 16:26:23
US.lazerpenguin.com,174.128.180.198,2024-11-17 16:26:23,2024-11-17 16:26:23
US.lazerpenguin.com,174.128.181.116,2024-11-17 16:26:23,2024-11-17 16:26:23
US.lazerpenguin.com,165.227.11.194,2024-11-17 16:26:23,2024-11-17 16:26:23
US.lazerpenguin.com,157.245.191.16,2024-11-17 16:26:23,2024-11-17 16:26:23
US.lazerpenguin.com,174.128.180.22,2024-11-17 16:26:23,2024-11-17 16:26:23
US.lazerpenguin.com,174.128.181.119,2024-11-17 16:26:23,2024-11-17 16:26:23
US.lazerpenguin.com,174.128.181.87,2024-11-17 16:26:23,2024-11-17 16:26:23
US.lazerpenguin.com,174.128.181.89,2024-11-17 16:26:23,2024-11-17 16:26:23
US.lazerpenguin.com,165.227.25.200,2024-11-17 16:26:23,2024-11-17 16:26:23
US.lazerpenguin.com,192.241.221.51,2024-11-17 16:26:23,2024-11-17 16:26:23
US.lazerpenguin.com,174.128.180.211,2024-11-17 16:26:23,2024-11-17 16:26:23
US.lazerpenguin.com,174.128.181.52,2024-11-17 16:26:23,2024-11-17 16:26:23
US.lazerpenguin.com,174.128.181.196,2024-11-17 16:26:23,2024-11-17 16:26:23
US.lazerpenguin.com,173.205.176.149,2024-11-17 16:26:23,2024-11-17 16:26:23
US.lazerpenguin.com,174.128.180.169,2024-11-17 16:26:23,2024-11-17 16:26:23
US.lazerpenguin.com,174.128.176.88,2024-11-17 16:26:23,2024-11-17 16:26:23
US.lazerpenguin.com,174.128.180.153,2024-11-17 16:26:23,2024-11-17 16:26:23
US.lazerpenguin.com,192.241.218.157,2024-11-17 16:26:23,2024-11-17 16:26:23
US.lazerpenguin.com,174.128.176.101,2024-11-17 16:26:23,2024-11-17 16:26:23
US.lazerpenguin.com,174.128.180.68,2024-11-17 16:26:23,2024-11-17 16:26:23
US.lazerpenguin.com,138.197.200.110,2024-11-17 16:26:23,2024-11-17 16:26:23
US.lazerpenguin.com,174.128.181.135,2024-11-17 16:26:23,2024-11-17 16:26:23
US.lazerpenguin.com,192.241.218.69,2024-11-17 16:26:23,2024-11-17 16:26:23
US.lazerpenguin.com,174.128.181.103,2024-11-17 16:26:23,2024-11-17 16:26:23
US.lazerpenguin.com,173.205.176.195,2024-11-17 16:26:23,2024-11-17 16:26:23
US.lazerpenguin.com,174.128.181.215,2024-11-17 16:26:23,2024-11-17 16:26:23
US.lazerpenguin.com,157.245.188.14,2024-11-17 16:26:23,2024-11-17 16:26:23
US.lazerpenguin.com,174.128.181.183,2024-11-17 16:26:23,2024-11-17 16:26:23
US.lazerpenguin.com,174.128.176.87,2024-11-17 16:26:23,2024-11-17 16:26:23
US.lazerpenguin.com,174.128.180.147,2024-11-17 16:26:23,2024-11-17 16:26:23
US.lazerpenguin.com,174.128.176.73,2024-11-17 16:26:23,2024-11-17 16:26:23
AU.lazerpenguin.com,45.32.191.195,2024-11-17 16:26:23,2024-11-17 16:26:23
AU.lazerpenguin.com,91.242.215.175,2024-11-17 16:26:23,2024-11-17 16:26:23
AU.lazerpenguin.com,91.242.215.168,2024-11-17 16:26:23,2024-11-17 16:26:23
AU.lazerpenguin.com,91.242.215.70,2024-11-17 16:26:23,2024-11-17 16:26:23
AU.lazerpenguin.com,91.242.215.76,2024-11-17 16:26:23,2024-11-17 16:26:23
AU.lazerpenguin.com,91.242.215.91,2024-11-17 16:26:23,2024-11-17 16:26:23
AU.lazerpenguin.com,91.242.215.183,2024-11-17 16:26:23,2024-11-17 16:26:23
AU.lazerpenguin.com,91.242.215.182,2024-11-17 16:26:23,2024-11-17 16:26:23
AU.lazerpenguin.com,139.180.182.128,2024-11-17 16:26:23,2024-11-17 16:26:23
AU.lazerpenguin.com,108.61.169.105,2024-11-17 16:26:23,2024-11-17 16:26:23
AU.lazerpenguin.com,91.242.215.79,2024-11-17 16:26:23,2024-11-17 16:26:23
AU.lazerpenguin.com,91.242.215.171,2024-11-17 16:26:23,2024-11-17 16:26:23
AU.lazerpenguin.com,139.180.174.86,2024-11-17 16:26:23,2024-11-17 16:26:23
AU.lazerpenguin.com,139.180.166.251,2024-11-17 16:26:23,2024-11-17 16:26:23
AU.lazerpenguin.com,91.242.215.68,2024-11-17 16:26:23,2024-11-17 16:26:23
AU.lazerpenguin.com,149.28.187.114,2024-11-17 16:26:23,2024-11-17 16:26:23
AU.lazerpenguin.com,91.242.215.164,2024-11-17 16:26:23,2024-11-17 16:26:23
AU.lazerpenguin.com,149.28.161.83,2024-11-17 16:26:23,2024-11-17 16:26:23
AU.lazerpenguin.com,149.28.169.109,2024-11-17 16:26:23,2024-11-17 16:26:23
AU.lazerpenguin.com,45.77.234.49,2024-11-17 16:26:23,2024-11-17 16:26:23
ID.lazerpenguin.com,128.1.227.242,2024-11-17 16:26:23,2024-11-17 16:26:23
ID.lazerpenguin.com,128.1.227.245,2024-11-17 16:26:23,2024-11-17 16:26:23
ID.lazerpenguin.com,128.1.227.247,2024-11-17 16:26:23,2024-11-17 16:26:23
ID.lazerpenguin.com,129.227.39.114,2024-11-17 16:26:23,2024-11-17 16:26:23
ID.lazerpenguin.com,128.1.227.246,2024-11-17 16:26:23,2024-11-17 16:26:23
ID.lazerpenguin.com,128.1.227.243,2024-11-17 16:26:23,2024-11-17 16:26:23
ID.lazerpenguin.com,129.227.39.119,2024-11-17 16:26:23,2024-11-17 16:26:23
ID.lazerpenguin.com,128.1.227.231,2024-11-17 16:26:23,2024-11-17 16:26:23
ID.lazerpenguin.com,129.227.39.120,2024-11-17 16:26:23,2024-11-17 16:26:23
ID.lazerpenguin.com,129.227.39.118,2024-11-17 16:26:23,2024-11-17 16:26:23
ID.lazerpenguin.com,128.1.227.226,2024-11-17 16:26:23,2024-11-17 16:26:23
ID.lazerpenguin.com,128.1.227.229,2024-11-17 16:26:23,2024-11-17 16:26:23
ID.lazerpenguin.com,129.227.39.121,2024-11-17 16:26:23,2024-11-17 16:26:23
ID.lazerpenguin.com,129.227.39.122,2024-11-17 16:26:23,2024-11-17 16:26:23
ID.lazerpenguin.com,128.1.227.248,2024-11-17 16:26:23,2024-11-17 16:26:23
ID.lazerpenguin.com,128.1.227.230,2024-11-17 16:26:23,2024-11-17 16:26:23
ID.lazerpenguin.com,129.227.39.115,2024-11-17 16:26:23,2024-11-17 16:26:23
ID.lazerpenguin.com,128.1.227.244,2024-11-17 16:26:23,2024-11-17 16:26:23
ID.lazerpenguin.com,128.1.227.227,2024-11-17 16:26:23,2024-11-17 16:26:23
ID.lazerpenguin.com,128.1.227.228,2024-11-17 16:26:23,2024-11-17 16:26:23
JP.lazerpenguin.com,45.77.15.6,2024-11-17 16:26:23,2024-11-17 16:26:23
JP.lazerpenguin.com,45.77.129.210,2024-11-17 16:26:23,2024-11-17 16:26:23
JP.lazerpenguin.com,156.59.26.156,2024-11-17 16:26:23,2024-11-17 16:26:23
JP.lazerpenguin.com,167.179.96.184,2024-11-17 16:26:23,2024-11-17 16:26:23
JP.lazerpenguin.com,66.42.36.72,2024-11-17 16:26:23,2024-11-17 16:26:23
JP.lazerpenguin.com,139.180.197.99,2024-11-17 16:26:23,2024-11-17 16:26:23
JP.lazerpenguin.com,66.42.43.118,2024-11-17 16:26:23,2024-11-17 16:26:23
JP.lazerpenguin.com,149.28.27.177,2024-11-17 16:26:23,2024-11-17 16:26:23
JP.lazerpenguin.com,108.160.128.215,2024-11-17 16:26:23,2024-11-17 16:26:23
JP.lazerpenguin.com,207.148.100.76,2024-11-17 16:26:23,2024-11-17 16:26:23
JP.lazerpenguin.com,167.179.87.39,2024-11-17 16:26:23,2024-11-17 16:26:23
JP.lazerpenguin.com,45.32.57.206,2024-11-17 16:26:23,2024-11-17 16:26:23
JP.lazerpenguin.com,45.77.16.156,2024-11-17 16:26:23,2024-11-17 16:26:23
JP.lazerpenguin.com,45.32.56.66,2024-11-17 16:26:23,2024-11-17 16:26:23
JP.lazerpenguin.com,108.61.200.242,2024-11-17 16:26:23,2024-11-17 16:26:23
JP.lazerpenguin.com,45.76.209.232,2024-11-17 16:26:23,2024-11-17 16:26:23
JP.lazerpenguin.com,45.63.122.104,2024-11-17 16:26:23,2024-11-17 16:26:23
JP.lazerpenguin.com,45.32.29.175,2024-11-17 16:26:23,2024-11-17 16:26:23
JP.lazerpenguin.com,167.179.113.203,2024-11-17 16:26:23,2024-11-17 16:26:23
JP.lazerpenguin.com,74.63.207.118,2024-11-17 16:26:23,2024-11-17 16:26:23
MY.lazerpenguin.com,162.128.128.35,2024-11-17 16:26:23,2024-11-17 16:26:23
MY.lazerpenguin.com,162.128.128.24,2024-11-17 16:26:23,2024-11-17 16:26:23
MY.lazerpenguin.com,156.59.62.133,2024-11-17 16:26:23,2024-11-17 16:26:23
MY.lazerpenguin.com,156.59.62.146,2024-11-17 16:26:23,2024-11-17 16:26:23
MY.lazerpenguin.com,156.59.166.213,2024-11-17 16:26:23,2024-11-17 16:26:23
MY.lazerpenguin.com,156.59.166.216,2024-11-17 16:26:23,2024-11-17 16:26:23
MY.lazerpenguin.com,156.59.166.215,2024-11-17 16:26:23,2024-11-17 16:26:23
MY.lazerpenguin.com,162.128.128.37,2024-11-17 16:26:23,2024-11-17 16:26:23
MY.lazerpenguin.com,156.59.62.168,2024-11-17 16:26:23,2024-11-17 16:26:23
MY.lazerpenguin.com,162.128.128.8,2024-11-17 16:26:23,2024-11-17 16:26:23
MY.lazerpenguin.com,156.59.62.137,2024-11-17 16:26:23,2024-11-17 16:26:23
MY.lazerpenguin.com,156.59.62.180,2024-11-17 16:26:23,2024-11-17 16:26:23
MY.lazerpenguin.com,156.59.62.166,2024-11-17 16:26:23,2024-11-17 16:26:23
MY.lazerpenguin.com,156.59.62.132,2024-11-17 16:26:23,2024-11-17 16:26:23
MY.lazerpenguin.com,162.128.128.36,2024-11-17 16:26:23,2024-11-17 16:26:23
MY.lazerpenguin.com,162.128.128.2,2024-11-17 16:26:23,2024-11-17 16:26:23
MY.lazerpenguin.com,156.59.62.134,2024-11-17 16:26:23,2024-11-17 16:26:23
MY.lazerpenguin.com,162.128.128.9,2024-11-17 16:26:23,2024-11-17 16:26:23
MY.lazerpenguin.com,162.128.128.21,2024-11-17 16:26:23,2024-11-17 16:26:23
MY.lazerpenguin.com,162.128.128.34,2024-11-17 16:26:23,2024-11-17 16:26:23
NZ.lazerpenguin.com,120.138.16.250,2024-11-17 16:26:23,2024-11-17 16:26:23
NZ.lazerpenguin.com,223.165.65.38,2024-11-17 16:26:23,2024-11-17 16:26:23
NZ.lazerpenguin.com,223.165.65.37,2024-11-17 16:26:23,2024-11-17 16:26:23
NZ.lazerpenguin.com,223.165.65.57,2024-11-17 16:26:23,2024-11-17 16:26:23
NZ.lazerpenguin.com,120.138.29.186,2024-11-17 16:26:23,2024-11-17 16:26:23
NZ.lazerpenguin.com,223.165.65.55,2024-11-17 16:26:23,2024-11-17 16:26:23
NZ.lazerpenguin.com,223.165.65.39,2024-11-17 16:26:23,2024-11-17 16:26:23
NZ.lazerpenguin.com,223.165.65.58,2024-11-17 16:26:23,2024-11-17 16:26:23
NZ.lazerpenguin.com,120.138.29.187,2024-11-17 16:26:23,2024-11-17 16:26:23
NZ.lazerpenguin.com,223.165.65.54,2024-11-17 16:26:23,2024-11-17 16:26:23
NZ.lazerpenguin.com,223.165.65.53,2024-11-17 16:26:23,2024-11-17 16:26:23
NZ.lazerpenguin.com,223.165.65.42,2024-11-17 16:26:23,2024-11-17 16:26:23
NZ.lazerpenguin.com,223.165.65.40,2024-11-17 16:26:23,2024-11-17 16:26:23
NZ.lazerpenguin.com,223.165.65.43,2024-11-17 16:26:23,2024-11-17 16:26:23
NZ.lazerpenguin.com,120.138.29.184,2024-11-17 16:26:23,2024-11-17 16:26:23
NZ.lazerpenguin.com,120.138.29.181,2024-11-17 16:26:23,2024-11-17 16:26:23
NZ.lazerpenguin.com,223.165.65.56,2024-11-17 16:26:23,2024-11-17 16:26:23
NZ.lazerpenguin.com,120.138.29.182,2024-11-17 16:26:23,2024-11-17 16:26:23
NZ.lazerpenguin.com,223.165.65.59,2024-11-17 16:26:23,2024-11-17 16:26:23
NZ.lazerpenguin.com,120.138.16.249,2024-11-17 16:26:23,2024-11-17 16:26:23
PH.lazerpenguin.com,98.98.43.123,2024-11-17 16:26:23,2024-11-17 16:26:23
PH.lazerpenguin.com,98.98.43.122,2024-11-17 16:26:23,2024-11-17 16:26:23
PH.lazerpenguin.com,98.98.43.152,2024-11-17 16:26:23,2024-11-17 16:26:23
PH.lazerpenguin.com,98.98.43.146,2024-11-17 16:26:23,2024-11-17 16:26:23
PH.lazerpenguin.com,98.98.43.165,2024-11-17 16:26:23,2024-11-17 16:26:23
PH.lazerpenguin.com,98.98.43.182,2024-11-17 16:26:23,2024-11-17 16:26:23
PH.lazerpenguin.com,98.98.43.136,2024-11-17 16:26:23,2024-11-17 16:26:23
PH.lazerpenguin.com,98.98.43.126,2024-11-17 16:26:23,2024-11-17 16:26:23
PH.lazerpenguin.com,98.98.43.137,2024-11-17 16:26:23,2024-11-17 16:26:23
PH.lazerpenguin.com,98.98.43.180,2024-11-17 16:26:23,2024-11-17 16:26:23
PH.lazerpenguin.com,98.98.43.138,2024-11-17 16:26:23,2024-11-17 16:26:23
PH.lazerpenguin.com,98.98.43.181,2024-11-17 16:26:23,2024-11-17 16:26:23
PH.lazerpenguin.com,98.98.43.150,2024-11-17 16:26:23,2024-11-17 16:26:23
PH.lazerpenguin.com,98.98.43.147,2024-11-17 16:26:23,2024-11-17 16:26:23
PH.lazerpenguin.com,98.98.43.168,2024-11-17 16:26:23,2024-11-17 16:26:23
PH.lazerpenguin.com,98.98.43.140,2024-11-17 16:26:23,2024-11-17 16:26:23
PH.lazerpenguin.com,98.98.43.148,2024-11-17 16:26:23,2024-11-17 16:26:23
PH.lazerpenguin.com,98.98.43.149,2024-11-17 16:26:23,2024-11-17 16:26:23
PH.lazerpenguin.com,98.98.43.183,2024-11-17 16:26:23,2024-11-17 16:26:23
PH.lazerpenguin.com,98.98.43.184,2024-11-17 16:26:23,2024-11-17 16:26:23
SG.lazerpenguin.com,143.198.221.115,2024-11-17 16:26:23,2024-11-17 16:26:23
SG.lazerpenguin.com,129.227.90.137,2024-11-17 16:26:23,2024-11-17 16:26:23
SG.lazerpenguin.com,128.199.126.226,2024-11-17 16:26:23,2024-11-17 16:26:23
SG.lazerpenguin.com,129.227.90.142,2024-11-17 16:26:23,2024-11-17 16:26:23
SG.lazerpenguin.com,188.166.249.187,2024-11-17 16:26:23,2024-11-17 16:26:23
SG.lazerpenguin.com,178.128.119.235,2024-11-17 16:26:23,2024-11-17 16:26:23
SG.lazerpenguin.com,152.42.198.70,2024-11-17 16:26:23,2024-11-17 16:26:23
SG.lazerpenguin.com,165.232.169.56,2024-11-17 16:26:23,2024-11-17 16:26:23
SG.lazerpenguin.com,68.183.184.136,2024-11-17 16:26:23,2024-11-17 16:26:23
SG.lazerpenguin.com,129.227.90.152,2024-11-17 16:26:23,2024-11-17 16:26:23
SG.lazerpenguin.com,128.199.114.89,2024-11-17 16:26:23,2024-11-17 16:26:23
SG.lazerpenguin.com,188.166.216.10,2024-11-17 16:26:23,2024-11-17 16:26:23
SG.lazerpenguin.com,129.227.90.246,2024-11-17 16:26:23,2024-11-17 16:26:23
SG.lazerpenguin.com,159.223.91.43,2024-11-17 16:26:23,2024-11-17 16:26:23
SG.lazerpenguin.com,128.199.107.189,2024-11-17 16:26:23,2024-11-17 16:26:23
SG.lazerpenguin.com,143.198.83.97,2024-11-17 16:26:23,2024-11-17 16:26:23
SG.lazerpenguin.com,68.183.177.114,2024-11-17 16:26:23,2024-11-17 16:26:23
SG.lazerpenguin.com,128.199.109.176,2024-11-17 16:26:23,2024-11-17 16:26:23
SG.lazerpenguin.com,128.199.70.189,2024-11-17 16:26:23,2024-11-17 16:26:23
SG.lazerpenguin.com,178.128.58.128,2024-11-17 16:26:23,2024-11-17 16:26:23
KR.lazerpenguin.com,158.247.241.57,2024-11-17 16:26:23,2024-11-17 16:26:23
KR.lazerpenguin.com,108.181.53.231,2024-11-17 16:26:23,2024-11-17 16:26:23
KR.lazerpenguin.com,140.174.179.41,2024-11-17 16:26:23,2024-11-17 16:26:23
KR.lazerpenguin.com,108.181.53.228,2024-11-17 16:26:23,2024-11-17 16:26:23
KR.lazerpenguin.com,141.164.45.12,2024-11-17 16:26:23,2024-11-17 16:26:23
KR.lazerpenguin.com,140.174.179.57,2024-11-17 16:26:23,2024-11-17 16:26:23
KR.lazerpenguin.com,140.174.179.39,2024-11-17 16:26:23,2024-11-17 16:26:23
KR.lazerpenguin.com,140.174.179.4,2024-11-17 16:26:23,2024-11-17 16:26:23
KR.lazerpenguin.com,108.181.53.52,2024-11-17 16:26:23,2024-11-17 16:26:23
KR.lazerpenguin.com,108.181.53.233,2024-11-17 16:26:23,2024-11-17 16:26:23
KR.lazerpenguin.com,140.174.179.3,2024-11-17 16:26:23,2024-11-17 16:26:23
KR.lazerpenguin.com,108.181.53.229,2024-11-17 16:26:23,2024-11-17 16:26:23
KR.lazerpenguin.com,108.181.53.232,2024-11-17 16:26:23,2024-11-17 16:26:23
KR.lazerpenguin.com,140.174.179.37,2024-11-17 16:26:23,2024-11-17 16:26:23
KR.lazerpenguin.com,141.164.47.120,2024-11-17 16:26:23,2024-11-17 16:26:23
KR.lazerpenguin.com,140.174.179.36,2024-11-17 16:26:23,2024-11-17 16:26:23
KR.lazerpenguin.com,140.174.179.9,2024-11-17 16:26:23,2024-11-17 16:26:23
KR.lazerpenguin.com,108.181.53.55,2024-11-17 16:26:23,2024-11-17 16:26:23
KR.lazerpenguin.com,140.174.179.54,2024-11-17 16:26:23,2024-11-17 16:26:23
KR.lazerpenguin.com,140.174.179.35,2024-11-17 16:26:23,2024-11-17 16:26:23
TW.lazerpenguin.com,156.59.34.84,2024-11-17 16:26:23,2024-11-17 16:26:23
TW.lazerpenguin.com,156.59.34.71,2024-11-17 16:26:23,2024-11-17 16:26:23
TW.lazerpenguin.com,192.169.121.38,2024-11-17 16:26:23,2024-11-17 16:26:23
TW.lazerpenguin.com,156.59.34.73,2024-11-17 16:26:23,2024-11-17 16:26:23
TW.lazerpenguin.com,156.59.34.87,2024-11-17 16:26:23,2024-11-17 16:26:23
TW.lazerpenguin.com,156.59.34.67,2024-11-17 16:26:23,2024-11-17 16:26:23
TW.lazerpenguin.com,192.169.121.23,2024-11-17 16:26:23,2024-11-17 16:26:23
TW.lazerpenguin.com,192.169.121.35,2024-11-17 16:26:23,2024-11-17 16:26:23
TW.lazerpenguin.com,156.59.36.11,2024-11-17 16:26:23,2024-11-17 16:26:23
TW.lazerpenguin.com,156.59.36.7,2024-11-17 16:26:23,2024-11-17 16:26:23
TW.lazerpenguin.com,192.169.121.6,2024-11-17 16:26:23,2024-11-17 16:26:23
TW.lazerpenguin.com,192.169.121.2,2024-11-17 16:26:23,2024-11-17 16:26:23
TW.lazerpenguin.com,156.59.36.2,2024-11-17 16:26:23,2024-11-17 16:26:23
TW.lazerpenguin.com,192.169.121.3,2024-11-17 16:26:23,2024-11-17 16:26:23
TW.lazerpenguin.com,156.59.34.88,2024-11-17 16:26:23,2024-11-17 16:26:23
TW.lazerpenguin.com,156.59.36.6,2024-11-17 16:26:23,2024-11-17 16:26:23
TW.lazerpenguin.com,192.169.121.22,2024-11-17 16:26:23,2024-11-17 16:26:23
TW.lazerpenguin.com,192.169.121.7,2024-11-17 16:26:23,2024-11-17 16:26:23
TW.lazerpenguin.com,192.169.121.39,2024-11-17 16:26:23,2024-11-17 16:26:23
TW.lazerpenguin.com,156.59.34.85,2024-11-17 16:26:23,2024-11-17 16:26:23
KE.lazerpenguin.com,102.221.34.103,2024-11-17 16:26:23,2024-11-17 16:26:23
KE.lazerpenguin.com,102.221.34.100,2024-11-17 16:26:23,2024-11-17 16:26:23
KE.lazerpenguin.com,62.12.119.244,2024-11-17 16:26:23,2024-11-17 16:26:23
KE.lazerpenguin.com,102.221.34.101,2024-11-17 16:26:23,2024-11-17 16:26:23
KE.lazerpenguin.com,62.12.118.38,2024-11-17 16:26:23,2024-11-17 16:26:23
KE.lazerpenguin.com,62.12.118.36,2024-11-17 16:26:23,2024-11-17 16:26:23
KE.lazerpenguin.com,62.12.118.39,2024-11-17 16:26:23,2024-11-17 16:26:23
KE.lazerpenguin.com,62.12.118.40,2024-11-17 16:26:23,2024-11-17 16:26:23
KE.lazerpenguin.com,62.12.119.248,2024-11-17 16:26:23,2024-11-17 16:26:23
KE.lazerpenguin.com,62.12.118.35,2024-11-17 16:26:23,2024-11-17 16:26:23
KE.lazerpenguin.com,62.12.119.249,2024-11-17 16:26:23,2024-11-17 16:26:23
KE.lazerpenguin.com,62.12.119.247,2024-11-17 16:26:23,2024-11-17 16:26:23
KE.lazerpenguin.com,102.221.34.99,2024-11-17 16:26:23,2024-11-17 16:26:23
KE.lazerpenguin.com,62.12.119.243,2024-11-17 16:26:23,2024-11-17 16:26:23
KE.lazerpenguin.com,102.221.34.102,2024-11-17 16:26:23,2024-11-17 16:26:23
KE.lazerpenguin.com,102.221.34.105,2024-11-17 16:26:23,2024-11-17 16:26:23
KE.lazerpenguin.com,62.12.119.246,2024-11-17 16:26:23,2024-11-17 16:26:23
KE.lazerpenguin.com,62.12.118.37,2024-11-17 16:26:23,2024-11-17 16:26:23
KE.lazerpenguin.com,102.221.34.104,2024-11-17 16:26:23,2024-11-17 16:26:23
KE.lazerpenguin.com,62.12.119.245,2024-11-17 16:26:23,2024-11-17 16:26:23
NG.lazerpenguin.com,104.166.146.82,2024-11-17 16:26:23,2024-11-17 16:26:23
NG.lazerpenguin.com,98.98.197.196,2024-11-17 16:26:23,2024-11-17 16:26:23
NG.lazerpenguin.com,104.166.146.88,2024-11-17 16:26:23,2024-11-17 16:26:23
NG.lazerpenguin.com,98.98.197.185,2024-11-17 16:26:23,2024-11-17 16:26:23
NG.lazerpenguin.com,104.166.146.84,2024-11-17 16:26:23,2024-11-17 16:26:23
NG.lazerpenguin.com,98.98.197.194,2024-11-17 16:26:23,2024-11-17 16:26:23
NG.lazerpenguin.com,98.98.197.166,2024-11-17 16:26:23,2024-11-17 16:26:23
NG.lazerpenguin.com,98.98.197.197,2024-11-17 16:26:23,2024-11-17 16:26:23
NG.lazerpenguin.com,98.98.197.198,2024-11-17 16:26:23,2024-11-17 16:26:23
NG.lazerpenguin.com,98.98.197.216,2024-11-17 16:26:23,2024-11-17 16:26:23
NG.lazerpenguin.com,98.98.197.164,2024-11-17 16:26:23,2024-11-17 16:26:23
NG.lazerpenguin.com,98.98.197.214,2024-11-17 16:26:23,2024-11-17 16:26:23
NG.lazerpenguin.com,98.98.197.180,2024-11-17 16:26:23,2024-11-17 16:26:23
NG.lazerpenguin.com,98.98.197.199,2024-11-17 16:26:23,2024-11-17 16:26:23
NG.lazerpenguin.com,98.98.197.169,2024-11-17 16:26:23,2024-11-17 16:26:23
NG.lazerpenguin.com,104.166.146.85,2024-11-17 16:26:23,2024-11-17 16:26:23
NG.lazerpenguin.com,98.98.197.186,2024-11-17 16:26:23,2024-11-17 16:26:23
NG.lazerpenguin.com,98.98.197.178,2024-11-17 16:26:23,2024-11-17 16:26:23
NG.lazerpenguin.com,104.166.146.86,2024-11-17 16:26:23,2024-11-17 16:26:23
NG.lazerpenguin.com,98.98.197.217,2024-11-17 16:26:23,2024-11-17 16:26:23
ZA.lazerpenguin.com,165.73.240.153,2024-11-17 16:26:23,2024-11-17 16:26:23
ZA.lazerpenguin.com,165.73.240.88,2024-11-17 16:26:23,2024-11-17 16:26:23
ZA.lazerpenguin.com,165.73.240.117,2024-11-17 16:26:23,2024-11-17 16:26:23
ZA.lazerpenguin.com,165.73.242.2,2024-11-17 16:26:23,2024-11-17 16:26:23
ZA.lazerpenguin.com,108.181.120.104,2024-11-17 16:26:23,2024-11-17 16:26:23
ZA.lazerpenguin.com,108.181.120.99,2024-11-17 16:26:23,2024-11-17 16:26:23
ZA.lazerpenguin.com,165.73.240.87,2024-11-17 16:26:23,2024-11-17 16:26:23
ZA.lazerpenguin.com,165.73.242.8,2024-11-17 16:26:23,2024-11-17 16:26:23
ZA.lazerpenguin.com,165.73.240.121,2024-11-17 16:26:23,2024-11-17 16:26:23
ZA.lazerpenguin.com,165.73.240.147,2024-11-17 16:26:23,2024-11-17 16:26:23
ZA.lazerpenguin.com,165.73.240.148,2024-11-17 16:26:23,2024-11-17 16:26:23
ZA.lazerpenguin.com,108.181.120.100,2024-11-17 16:26:23,2024-11-17 16:26:23
ZA.lazerpenguin.com,165.73.240.149,2024-11-17 16:26:23,2024-11-17 16:26:23
ZA.lazerpenguin.com,165.73.242.3,2024-11-17 16:26:23,2024-11-17 16:26:23
ZA.lazerpenguin.com,108.181.120.102,2024-11-17 16:26:23,2024-11-17 16:26:23
ZA.lazerpenguin.com,165.73.242.4,2024-11-17 16:26:23,2024-11-17 16:26:23
ZA.lazerpenguin.com,165.73.240.89,2024-11-17 16:26:23,2024-11-17 16:26:23
ZA.lazerpenguin.com,108.181.120.105,2024-11-17 16:26:23,2024-11-17 16:26:23
ZA.lazerpenguin.com,165.73.242.7,2024-11-17 16:26:23,2024-11-17 16:26:23
ZA.lazerpenguin.com,165.73.240.84,2024-11-17 16:26:23,2024-11-17 16:26:23
